user_id,question_id,answer
268403594,Страна,Узбекистан
268403594,Институт,УГИ
268403594,Направление,Международные отношения
268403594,Уровень,аспирант
268403594,Возраст,54
268403594,Какой у вас уровень владения русским языком?,Свободно
268403594,На каком языке чаще всего проводятся проектные занятия?,Только на русском
268403594,Чувствуете ли вы себя комфортно при общении в мультикультурной проектной группе?,Иногда
268403594,С какими трудностями вы чаще всего сталкиваетесь?,Разные стили работы
268403594,Получаете ли вы чёткие инструкции и критерии оценки для проектов?,"Да, всегда"
268403594,Есть ли возможность получить помощь при работе над проектом?,"Да, всегда"
268403594,Как вы оцениваете уровень межкультурного взаимодействия?,Умеренный
268403594,Хотели бы вы участвовать в проектах с международными вузами?,Возможно
268403594,Какой формат проектного обучения наиболее удобен?,Групповой
268403594,Какие меры поддержки наиболее полезны?,Наставник
268403594,Какие технологии искусственного интеллекта вы используете для поддержки своей проектной работы?,Презентации с поддержкой технологий искусственного интеллекта
268403594,Могут ли технологии искусственного интеллекта помочь вам преодолеть языковые и культурные барьеры в проектном обучении?,"Да, значительно помогают"
281528833,Страна,Россия
281528833,Институт,УГИ
281528833,Направление,педогогия
281528833,Уровень,бакалавр
281528833,Возраст,24
281528833,Какой у вас уровень владения русским языком?,Базовый
281528833,На каком языке чаще всего проводятся проектные занятия?,Только на русском
281528833,Чувствуете ли вы себя комфортно при общении в мультикультурной проектной группе?,Иногда
281528833,С какими трудностями вы чаще всего сталкиваетесь?,Языковой барьер; Непонимание задания
281528833,Получаете ли вы чёткие инструкции и критерии оценки для проектов?,Иногда
281528833,Есть ли возможность получить помощь при работе над проектом?,"Да, всегда"
281528833,Как вы оцениваете уровень межкультурного взаимодействия?,Умеренный
281528833,Хотели бы вы участвовать в проектах с международными вузами?,Да
281528833,Какой формат проектного обучения наиболее удобен?,Групповой
281528833,Какие меры поддержки наиболее полезны?,Культурные брифинги
281528833,Какие технологии искусственного интеллекта вы используете для поддержки своей проектной работы?,Переводчики
281528833,Могут ли технологии искусственного интеллекта помочь вам преодолеть языковые и культурные барьеры в проектном обучении?,"Да, значительно помогают"
365833715,Страна,Россия
365833715,Институт,ИНМТ
365833715,Направление,Материаловедение
365833715,Уровень,аспирант
365833715,Возраст,29
365833715,Какой у вас уровень владения русским языком?,Свободно
365833715,На каком языке чаще всего проводятся проектные занятия?,Только на русском
365833715,Чувствуете ли вы себя комфортно при общении в мультикультурной проектной группе?,Иногда
365833715,С какими трудностями вы чаще всего сталкиваетесь?,Сложности с ролями
365833715,Получаете ли вы чёткие инструкции и критерии оценки для проектов?,Иногда
365833715,Есть ли возможность получить помощь при работе над проектом?,"Да, всегда"
365833715,Как вы оцениваете уровень межкультурного взаимодействия?,Очень высокий
365833715,Хотели бы вы участвовать в проектах с международными вузами?,Да
365833715,Какой формат проектного обучения наиболее удобен?,Групповой
365833715,Какие меры поддержки наиболее полезны?,Наставник
365833715,Какие технологии искусственного интеллекта вы используете для поддержки своей проектной работы?,Переводчики; Ассистенты для текстов
365833715,Могут ли технологии искусственного интеллекта помочь вам преодолеть языковые и культурные барьеры в проектном обучении?,"Да, значительно помогают"
384973541,Страна,Россия
384973541,Институт,ИНЭУ
384973541,Направление,Менеджмент
415840750,Страна,Россия
415840750,Институт,ИЕНиМ
415840750,Направление,"Химия твердого тела, аспирантура"
415840750,Уровень,аспирант
415840750,Возраст,25
415840750,Какой у вас уровень владения русским языком?,Свободно
415840750,На каком языке чаще всего проводятся проектные занятия?,Только на русском
415840750,Чувствуете ли вы себя комфортно при общении в мультикультурной проектной группе?,Иногда
415840750,С какими трудностями вы чаще всего сталкиваетесь?,Языковой барьер
415840750,Получаете ли вы чёткие инструкции и критерии оценки для проектов?,"Да, всегда"
415840750,Есть ли возможность получить помощь при работе над проектом?,"Да, всегда"
415840750,Как вы оцениваете уровень межкультурного взаимодействия?,Умеренный
415840750,Хотели бы вы участвовать в проектах с международными вузами?,Да
415840750,Какой формат проектного обучения наиболее удобен?,Групповой
415840750,Какие меры поддержки наиболее полезны?,Наставник; Языковые воркшопы; Часть работы на английском
415840750,Какие технологии искусственного интеллекта вы используете для поддержки своей проектной работы?,Переводчики
415840750,Могут ли технологии искусственного интеллекта помочь вам преодолеть языковые и культурные барьеры в проектном обучении?,Затрудняюсь
453330751,Страна,Казахстан
453330751,Институт,ИСА
453330751,Направление,Строительство
453330751,Уровень,бакалавр
453330751,Возраст,21
453330751,Какой у вас уровень владения русским языком?,Свободно
453330751,На каком языке чаще всего проводятся проектные занятия?,Только на русском
453330751,Чувствуете ли вы себя комфортно при общении в мультикультурной проектной группе?,"Да, всегда"
453330751,С какими трудностями вы чаще всего сталкиваетесь?,Нет поддержки от преподавателя; Разные стили работы; Непонимание задания
453330751,Получаете ли вы чёткие инструкции и критерии оценки для проектов?,Иногда
453330751,Есть ли возможность получить помощь при работе над проектом?,Иногда
453330751,Как вы оцениваете уровень межкультурного взаимодействия?,Умеренный
453330751,Хотели бы вы участвовать в проектах с международными вузами?,Нет
453330751,Какой формат проектного обучения наиболее удобен?,Индивидуальный
453330751,Какие меры поддержки наиболее полезны?,Наставник
453330751,Какие технологии искусственного интеллекта вы используете для поддержки своей проектной работы?,Ассистенты для текстов
453330751,Могут ли технологии искусственного интеллекта помочь вам преодолеть языковые и культурные барьеры в проектном обучении?,Отчасти
550945330,Страна,Россия
550945330,Институт,УГИ
550945330,Направление,Психология
550945330,Уровень,аспирант
550945330,Возраст,43
550945330,Какой у вас уровень владения русским языком?,Свободно
550945330,На каком языке чаще всего проводятся проектные занятия?,Только на русском
550945330,Чувствуете ли вы себя комфортно при общении в мультикультурной проектной группе?,"Да, всегда"
550945330,С какими трудностями вы чаще всего сталкиваетесь?,Языковой барьер
550945330,Получаете ли вы чёткие инструкции и критерии оценки для проектов?,"Да, всегда"
550945330,Есть ли возможность получить помощь при работе над проектом?,"Да, всегда"
550945330,Как вы оцениваете уровень межкультурного взаимодействия?,Очень высокий
550945330,Хотели бы вы участвовать в проектах с международными вузами?,Да
550945330,Какой формат проектного обучения наиболее удобен?,Групповой
550945330,Какие меры поддержки наиболее полезны?,
550945330,Какие технологии искусственного интеллекта вы используете для поддержки своей проектной работы?,Переводчики
550945330,Могут ли технологии искусственного интеллекта помочь вам преодолеть языковые и культурные барьеры в проектном обучении?,"Да, значительно помогают"
581051685,Страна,Россия
581051685,Институт,ФТИ
581051685,Направление,Аналитическая химия
581051685,Уровень,аспирант
581051685,Возраст,24
581051685,Какой у вас уровень владения русским языком?,Свободно
639432098,Страна,Казахстан
639432098,Институт,УГИ
639432098,Направление,Социология
639432098,Уровень,бакалавр
639432098,Возраст,19
639432098,Какой у вас уровень владения русским языком?,Свободно
639432098,На каком языке чаще всего проводятся проектные занятия?,Только на русском
639432098,Чувствуете ли вы себя комфортно при общении в мультикультурной проектной группе?,"Да, всегда"
639432098,С какими трудностями вы чаще всего сталкиваетесь?,
639432098,Получаете ли вы чёткие инструкции и критерии оценки для проектов?,"Да, всегда"
639432098,Есть ли возможность получить помощь при работе над проектом?,"Да, всегда"
751581062,Страна,Россия
751581062,Институт,УГИ
751581062,Направление,Социология
751581062,Уровень,магистр
751581062,Возраст,24
751581062,Какой у вас уровень владения русским языком?,Свободно
751581062,На каком языке чаще всего проводятся проектные занятия?,Смешанно
751581062,Чувствуете ли вы себя комфортно при общении в мультикультурной проектной группе?,"Да, всегда"
751581062,С какими трудностями вы чаще всего сталкиваетесь?,Разные стили работы; Непонимание задания
751581062,Получаете ли вы чёткие инструкции и критерии оценки для проектов?,"Да, всегда"
751581062,Есть ли возможность получить помощь при работе над проектом?,"Да, всегда"
751581062,Как вы оцениваете уровень межкультурного взаимодействия?,Умеренный
751581062,Хотели бы вы участвовать в проектах с международными вузами?,Да
751581062,Какой формат проектного обучения наиболее удобен?,Междисциплинарный модуль
751581062,Какие меры поддержки наиболее полезны?,Культурные брифинги; Чёткие rubrics; Часть работы на английском
751581062,Какие технологии искусственного интеллекта вы используете для поддержки своей проектной работы?,Другое
751581062,Могут ли технологии искусственного интеллекта помочь вам преодолеть языковые и культурные барьеры в проектном обучении?,Отчасти
760419722,Страна,Россия
760419722,Институт,ИЕНиМ
760419722,Направление,Физика
760419722,Уровень,аспирант
760419722,Возраст,25
760419722,Какой у вас уровень владения русским языком?,Свободно
760419722,На каком языке чаще всего проводятся проектные занятия?,Смешанно
760419722,Чувствуете ли вы себя комфортно при общении в мультикультурной проектной группе?,Иногда
760419722,С какими трудностями вы чаще всего сталкиваетесь?,Языковой барьер; Непонимание задания
760419722,Получаете ли вы чёткие инструкции и критерии оценки для проектов?,Иногда
760419722,Есть ли возможность получить помощь при работе над проектом?,"Да, всегда"
760419722,Как вы оцениваете уровень межкультурного взаимодействия?,Умеренный
760419722,Хотели бы вы участвовать в проектах с международными вузами?,Да
760419722,Какой формат проектного обучения наиболее удобен?,Групповой
760419722,Какие меры поддержки наиболее полезны?,Часть работы на английском
760419722,Какие технологии искусственного интеллекта вы используете для поддержки своей проектной работы?,Переводчики; Грамматические корректоры; Другое
760419722,Могут ли технологии искусственного интеллекта помочь вам преодолеть языковые и культурные барьеры в проектном обучении?,"Да, значительно помогают"
791381702,Страна,Иордания
791381702,Институт,Медицинский
791381702,Направление,Лечебное дело
819136506,Страна,Ирак
819136506,Институт,ИРИТ-РТФ
819136506,Направление,Программная инженерия
819136506,Уровень,аспирант
819136506,Возраст,47
819136506,Какой у вас уровень владения русским языком?,Базовый
819136506,На каком языке чаще всего проводятся проектные занятия?,Только на русском
819136506,Чувствуете ли вы себя комфортно при общении в мультикультурной проектной группе?,"Да, всегда"
819136506,С какими трудностями вы чаще всего сталкиваетесь?,Языковой барьер
819136506,Получаете ли вы чёткие инструкции и критерии оценки для проектов?,Иногда
819136506,Есть ли возможность получить помощь при работе над проектом?,"Да, всегда"
819136506,Как вы оцениваете уровень межкультурного взаимодействия?,Умеренный
819136506,Хотели бы вы участвовать в проектах с международными вузами?,Да
829918883,Страна,Узбекистан
829918883,Институт,ИРИТ-РТФ
829918883,Направление,Информатика и вычислительная техника
829918883,Уровень,бакалавр
829918883,Возраст,20
829918883,Какой у вас уровень владения русским языком?,Свободно
829918883,На каком языке чаще всего проводятся проектные занятия?,Только на русском
829918883,Чувствуете ли вы себя комфортно при общении в мультикультурной проектной группе?,Иногда
829918883,С какими трудностями вы чаще всего сталкиваетесь?,Языковой барьер; Непонимание задания; Нет поддержки от преподавателя
829918883,Получаете ли вы чёткие инструкции и критерии оценки для проектов?,Редко
829918883,Есть ли возможность получить помощь при работе над проектом?,Иногда
829918883,Как вы оцениваете уровень межкультурного взаимодействия?,Не замечаю
829918883,Хотели бы вы участвовать в проектах с международными вузами?,Да
829918883,Какой формат проектного обучения наиболее удобен?,Групповой
829918883,Какие меры поддержки наиболее полезны?,Языковые воркшопы; Культурные брифинги; Часть работы на английском; Наставник
829918883,Какие технологии искусственного интеллекта вы используете для поддержки своей проектной работы?,Переводчики
829918883,Могут ли технологии искусственного интеллекта помочь вам преодолеть языковые и культурные барьеры в проектном обучении?,Отчасти
844084972,Страна,Казахстан
844084972,Институт,УралЭНИН
844084972,Направление,Электроэнергетика и электротехника
844084972,Уровень,бакалавр
844084972,Возраст,23
844084972,Какой у вас уровень владения русским языком?,Свободно
844084972,На каком языке чаще всего проводятся проектные занятия?,Только на русском
844084972,Чувствуете ли вы себя комфортно при общении в мультикультурной проектной группе?,"Да, всегда"
844084972,С какими трудностями вы чаще всего сталкиваетесь?,
844084972,Получаете ли вы чёткие инструкции и критерии оценки для проектов?,"Да, всегда"
844084972,Есть ли возможность получить помощь при работе над проектом?,"Да, всегда"
844084972,Как вы оцениваете уровень межкультурного взаимодействия?,Очень высокий
844084972,Хотели бы вы участвовать в проектах с международными вузами?,Да
844084972,Какой формат проектного обучения наиболее удобен?,Групповой
844084972,Какие меры поддержки наиболее полезны?,Наставник
844084972,Какие технологии искусственного интеллекта вы используете для поддержки своей проектной работы?,Не использую
844084972,Могут ли технологии искусственного интеллекта помочь вам преодолеть языковые и культурные барьеры в проектном обучении?,Затрудняюсь
859991662,Страна,Казахстан
859991662,Институт,УГИ
859991662,Направление,Социология
859991662,Уровень,бакалавр
859991662,Возраст,18
859991662,Какой у вас уровень владения русским языком?,Свободно
859991662,На каком языке чаще всего проводятся проектные занятия?,Только на русском
859991662,Чувствуете ли вы себя комфортно при общении в мультикультурной проектной группе?,"Да, всегда"
859991662,С какими трудностями вы чаще всего сталкиваетесь?,Сложности с ролями
859991662,Получаете ли вы чёткие инструкции и критерии оценки для проектов?,Никогда
859991662,Есть ли возможность получить помощь при работе над проектом?,"Да, всегда"
859991662,Как вы оцениваете уровень межкультурного взаимодействия?,Умеренный
859991662,Хотели бы вы участвовать в проектах с международными вузами?,Да
859991662,Какой формат проектного обучения наиболее удобен?,Индивидуальный
859991662,Какие меры поддержки наиболее полезны?,Культурные брифинги; Наставник
859991662,Какие технологии искусственного интеллекта вы используете для поддержки своей проектной работы?,Не использую
859991662,Могут ли технологии искусственного интеллекта помочь вам преодолеть языковые и культурные барьеры в проектном обучении?,Отчасти
873617631,Страна,Иордания
906155317,Страна,Россия
906155317,Институт,ИНМТ
906155317,Направление,Технологические машины и оборудование
906155317,Уровень,магистр
906155317,Возраст,21
906155317,Какой у вас уровень владения русским языком?,Свободно
906155317,На каком языке чаще всего проводятся проектные занятия?,Только на русском
924664134,Страна,Ирак
924664134,Институт,ИСА
951177564,Страна,Россия
951177564,Институт,ИРИТ-РТФ
951177564,Направление,Прикладная информатика
951177564,Уровень,бакалавр
951177564,Возраст,18
951177564,Какой у вас уровень владения русским языком?,Свободно
951177564,На каком языке чаще всего проводятся проектные занятия?,Только на русском
951177564,Чувствуете ли вы себя комфортно при общении в мультикультурной проектной группе?,"Да, всегда"
951177564,С какими трудностями вы чаще всего сталкиваетесь?,Языковой барьер; Разные стили работы
951177564,Получаете ли вы чёткие инструкции и критерии оценки для проектов?,"Да, всегда"
951177564,Есть ли возможность получить помощь при работе над проектом?,Иногда
951177564,Как вы оцениваете уровень межкультурного взаимодействия?,Низкий
951177564,Хотели бы вы участвовать в проектах с международными вузами?,Да
951177564,Какой формат проектного обучения наиболее удобен?,Групповой
951177564,Какие меры поддержки наиболее полезны?,Культурные брифинги; Часть работы на английском; Языковые воркшопы
951177564,Какие технологии искусственного интеллекта вы используете для поддержки своей проектной работы?,Переводчики
951177564,Могут ли технологии искусственного интеллекта помочь вам преодолеть языковые и культурные барьеры в проектном обучении?,"Да, значительно помогают"
973742774,Страна,Россия
973742774,Институт,ИНФО
973742774,Направление,Геоэкология
973742774,Уровень,аспирант
973742774,Возраст,25
973742774,Какой у вас уровень владения русским языком?,Свободно
973742774,На каком языке чаще всего проводятся проектные занятия?,Только на русском
973742774,Чувствуете ли вы себя комфортно при общении в мультикультурной проектной группе?,"Да, всегда"
973742774,С какими трудностями вы чаще всего сталкиваетесь?,Разные стили работы
973742774,Получаете ли вы чёткие инструкции и критерии оценки для проектов?,"Да, всегда"
973742774,Есть ли возможность получить помощь при работе над проектом?,"Да, всегда"
973742774,Как вы оцениваете уровень межкультурного взаимодействия?,Умеренный
973742774,Хотели бы вы участвовать в проектах с международными вузами?,Да
973742774,Какой формат проектного обучения наиболее удобен?,Групповой
973742774,Какие меры поддержки наиболее полезны?,Языковые воркшопы; Наставник; Часть работы на английском
973742774,Какие технологии искусственного интеллекта вы используете для поддержки своей проектной работы?,Переводчики; Ассистенты для текстов
973742774,Могут ли технологии искусственного интеллекта помочь вам преодолеть языковые и культурные барьеры в проектном обучении?,"Да, значительно помогают"
974618530,Страна,Казахстан
974618530,Институт,УГИ
974618530,Направление,Психология
974618530,Уровень,бакалавр
974618530,Возраст,22
974618530,Какой у вас уровень владения русским языком?,Свободно
974618530,На каком языке чаще всего проводятся проектные занятия?,Только на русском
974618530,Чувствуете ли вы себя комфортно при общении в мультикультурной проектной группе?,"Да, всегда"
984651848,Страна,Египет
984651848,Институт,ИСА
984651848,Направление,Строительство
984651848,Уровень,бакалавр
984651848,Возраст,22
984651848,Какой у вас уровень владения русским языком?,Базовый
984651848,На каком языке чаще всего проводятся проектные занятия?,Только на русском
984651848,Чувствуете ли вы себя комфортно при общении в мультикультурной проектной группе?,"Да, всегда"
984651848,С какими трудностями вы чаще всего сталкиваетесь?,
984651848,Получаете ли вы чёткие инструкции и критерии оценки для проектов?,"Да, всегда"
984651848,Есть ли возможность получить помощь при работе над проектом?,Иногда
984651848,Как вы оцениваете уровень межкультурного взаимодействия?,Умеренный
984651848,Хотели бы вы участвовать в проектах с международными вузами?,Да
984651848,Какой формат проектного обучения наиболее удобен?,Групповой
984651848,Какие меры поддержки наиболее полезны?,Часть работы на английском; Языковые воркшопы; Культурные брифинги
984651848,Какие технологии искусственного интеллекта вы используете для поддержки своей проектной работы?,Переводчики; Ассистенты для текстов; Презентации с поддержкой технологий искусственного интеллекта; Грамматические корректоры
984651848,Могут ли технологии искусственного интеллекта помочь вам преодолеть языковые и культурные барьеры в проектном обучении?,"Да, значительно помогают"
985962111,Страна,Замбия
985962111,Институт,ИНЭУ
985962111,Направление,Экономика
985962111,Уровень,бакалавр
985962111,Возраст,25
985962111,Какой у вас уровень владения русским языком?,Свободно
985962111,На каком языке чаще всего проводятся проектные занятия?,Смешанно
985962111,Чувствуете ли вы себя комфортно при общении в мультикультурной проектной группе?,Иногда
991018474,Страна,Мали
991018474,Институт,ИСА
991018474,Направление,Строительство и уникальные здания и сохраниженние
991018474,Уровень,специалист
991018474,Возраст,26
991018474,Какой у вас уровень владения русским языком?,Очень слабый
991018474,На каком языке чаще всего проводятся проектные занятия?,Только на русском
991018474,Чувствуете ли вы себя комфортно при общении в мультикультурной проектной группе?,Иногда
991018474,С какими трудностями вы чаще всего сталкиваетесь?,Непонимание задания
991018474,Получаете ли вы чёткие инструкции и критерии оценки для проектов?,Редко
991018474,Есть ли возможность получить помощь при работе над проектом?,Нет
991018474,Как вы оцениваете уровень межкультурного взаимодействия?,Умеренный
991018474,Хотели бы вы участвовать в проектах с международными вузами?,Возможно
991018474,Какой формат проектного обучения наиболее удобен?,Групповой
991018474,Какие меры поддержки наиболее полезны?,Наставник
991018474,Какие технологии искусственного интеллекта вы используете для поддержки своей проектной работы?,Переводчики
991018474,Могут ли технологии искусственного интеллекта помочь вам преодолеть языковые и культурные барьеры в проектном обучении?,"Да, значительно помогают"
1009618378,Страна,Венесуэла
1009618378,Институт,ХТИ
1009618378,Направление,Биотехнология
1009618378,Уровень,магистр
1009618378,Возраст,30
1009618378,Какой у вас уровень владения русским языком?,Свободно
1009618378,На каком языке чаще всего проводятся проектные занятия?,Только на русском
1009618378,Чувствуете ли вы себя комфортно при общении в мультикультурной проектной группе?,Редко
1009618378,С какими трудностями вы чаще всего сталкиваетесь?,Нет поддержки от преподавателя; Языковой барьер
1009618378,Получаете ли вы чёткие инструкции и критерии оценки для проектов?,Иногда
1009618378,Есть ли возможность получить помощь при работе над проектом?,"Да, всегда"
1009618378,Как вы оцениваете уровень межкультурного взаимодействия?,Низкий
1009618378,Хотели бы вы участвовать в проектах с международными вузами?,Да
1009618378,Какой формат проектного обучения наиболее удобен?,Междисциплинарный модуль
1009618378,Какие меры поддержки наиболее полезны?,Другое
1009618378,Какие технологии искусственного интеллекта вы используете для поддержки своей проектной работы?,Грамматические корректоры; Ассистенты для текстов; Переводчики
1009618378,Могут ли технологии искусственного интеллекта помочь вам преодолеть языковые и культурные барьеры в проектном обучении?,"Да, значительно помогают"
1031512617,Страна,Россия
1031512617,Институт,ИНМТ
1031512617,Направление,Машиностроение
1031512617,Уровень,аспирант
1031512617,Возраст,25
1031512617,Какой у вас уровень владения русским языком?,Свободно
1031512617,На каком языке чаще всего проводятся проектные занятия?,Только на русском
1031512617,Чувствуете ли вы себя комфортно при общении в мультикультурной проектной группе?,"Да, всегда"
1031512617,С какими трудностями вы чаще всего сталкиваетесь?,Нет поддержки от преподавателя; Другое
1031512617,Получаете ли вы чёткие инструкции и критерии оценки для проектов?,Редко
1031512617,Есть ли возможность получить помощь при работе над проектом?,Иногда
1031512617,Как вы оцениваете уровень межкультурного взаимодействия?,Умеренный
1031512617,Хотели бы вы участвовать в проектах с международными вузами?,Нет
1031512617,Какой формат проектного обучения наиболее удобен?,Групповой
1031512617,Какие меры поддержки наиболее полезны?,Чёткие rubrics
1031512617,Какие технологии искусственного интеллекта вы используете для поддержки своей проектной работы?,Не использую
1031512617,Могут ли технологии искусственного интеллекта помочь вам преодолеть языковые и культурные барьеры в проектном обучении?,Нет
1074821366,Страна,Казахстан
1074821366,Институт,ИРИТ-РТФ
1074821366,Направление,Информатика и вычислительная техника
1074821366,Уровень,бакалавр
1074821366,Возраст,24
1074821366,Какой у вас уровень владения русским языком?,Свободно
1074821366,На каком языке чаще всего проводятся проектные занятия?,Только на русском
1079282849,Страна,Казахстан
1079282849,Институт,УГИ
1079282849,Направление,Социология
1079282849,Уровень,бакалавр
1079282849,Возраст,21
1079282849,Какой у вас уровень владения русским языком?,Свободно
1079282849,На каком языке чаще всего проводятся проектные занятия?,Только на русском
1079282849,Чувствуете ли вы себя комфортно при общении в мультикультурной проектной группе?,"Да, всегда"
1079282849,С какими трудностями вы чаще всего сталкиваетесь?,Другое
1079282849,Получаете ли вы чёткие инструкции и критерии оценки для проектов?,Редко
1079282849,Есть ли возможность получить помощь при работе над проектом?,"Да, всегда"
1079282849,Как вы оцениваете уровень межкультурного взаимодействия?,Не замечаю
1079282849,Хотели бы вы участвовать в проектах с международными вузами?,Нет
1079282849,Какой формат проектного обучения наиболее удобен?,Групповой
1079282849,Какие меры поддержки наиболее полезны?,Другое
1079282849,Какие технологии искусственного интеллекта вы используете для поддержки своей проектной работы?,Не использую
1079282849,Могут ли технологии искусственного интеллекта помочь вам преодолеть языковые и культурные барьеры в проектном обучении?,Затрудняюсь
1101915874,Страна,Йемен
1101915874,Институт,ИФКСиМП
1101915874,Направление,Спорт
1101915874,Уровень,бакалавр
1101915874,Возраст,25
1101915874,Какой у вас уровень владения русским языком?,Базовый
1166573847,Страна,Казахстан
1166573847,Институт,ИРИТ-РТФ
1191697285,Страна,Россия
1191697285,Институт,ФТИ
1191697285,Направление,Химическая технология
1191697285,Уровень,аспирант
1191697285,Возраст,25
1191697285,Какой у вас уровень владения русским языком?,Свободно
1191697285,На каком языке чаще всего проводятся проектные занятия?,Только на русском
1191697285,Чувствуете ли вы себя комфортно при общении в мультикультурной проектной группе?,Иногда
1191697285,С какими трудностями вы чаще всего сталкиваетесь?,
1191697285,Получаете ли вы чёткие инструкции и критерии оценки для проектов?,Иногда
1191697285,Есть ли возможность получить помощь при работе над проектом?,Иногда
1191697285,Как вы оцениваете уровень межкультурного взаимодействия?,Умеренный
1191697285,Хотели бы вы участвовать в проектах с международными вузами?,Возможно
1191697285,Какой формат проектного обучения наиболее удобен?,Групповой
1191697285,Какие меры поддержки наиболее полезны?,Наставник
1191697285,Какие технологии искусственного интеллекта вы используете для поддержки своей проектной работы?,Переводчики; Не использую
1191697285,Могут ли технологии искусственного интеллекта помочь вам преодолеть языковые и культурные барьеры в проектном обучении?,Отчасти
1247348692,Страна,Ирак
1247348692,Институт,ХТИ
1247348692,Направление,1.4.3 органическая химия
1247348692,Уровень,аспирант
1247348692,Возраст,34
1247348692,Какой у вас уровень владения русским языком?,Базовый
1247348692,На каком языке чаще всего проводятся проектные занятия?,Смешанно
1247348692,Чувствуете ли вы себя комфортно при общении в мультикультурной проектной группе?,"Да, всегда"
1247348692,С какими трудностями вы чаще всего сталкиваетесь?,Языковой барьер; Непонимание задания; Другое
1247348692,Получаете ли вы чёткие инструкции и критерии оценки для проектов?,Иногда
1247348692,Есть ли возможность получить помощь при работе над проектом?,Иногда
1247348692,Как вы оцениваете уровень межкультурного взаимодействия?,Умеренный
1247348692,Хотели бы вы участвовать в проектах с международными вузами?,Возможно
1247348692,Какой формат проектного обучения наиболее удобен?,Групповой
1247348692,Какие меры поддержки наиболее полезны?,
1247348692,Какие технологии искусственного интеллекта вы используете для поддержки своей проектной работы?,Переводчики
1247348692,Могут ли технологии искусственного интеллекта помочь вам преодолеть языковые и культурные барьеры в проектном обучении?,"Да, значительно помогают"
1335827280,Страна,Россия
1335827280,Институт,Горный университет
1335827280,Направление,Химия
1335827280,Уровень,аспирант
1335827280,Возраст,35
1335827280,Какой у вас уровень владения русским языком?,Свободно
1335827280,На каком языке чаще всего проводятся проектные занятия?,Только на русском
1335827280,Чувствуете ли вы себя комфортно при общении в мультикультурной проектной группе?,Иногда
1335827280,С какими трудностями вы чаще всего сталкиваетесь?,Нет поддержки от преподавателя
1335827280,Получаете ли вы чёткие инструкции и критерии оценки для проектов?,Иногда
1335827280,Есть ли возможность получить помощь при работе над проектом?,Иногда
1335827280,Как вы оцениваете уровень межкультурного взаимодействия?,Умеренный
1335827280,Хотели бы вы участвовать в проектах с международными вузами?,Да
1335827280,Какой формат проектного обучения наиболее удобен?,Групповой
1335827280,Какие меры поддержки наиболее полезны?,Наставник; Языковые воркшопы
1335827280,Какие технологии искусственного интеллекта вы используете для поддержки своей проектной работы?,
1335827280,Могут ли технологии искусственного интеллекта помочь вам преодолеть языковые и культурные барьеры в проектном обучении?,"Да, значительно помогают"
1384848132,Страна,Индия
1384848132,Институт,ИРИТ-РТФ
1384848132,Направление,Прикладной искусственный интеллект
1384848132,Уровень,магистр
1384848132,Возраст,33
1384848132,Какой у вас уровень владения русским языком?,Базовый
1384848132,На каком языке чаще всего проводятся проектные занятия?,Только на английском
1384848132,Чувствуете ли вы себя комфортно при общении в мультикультурной проектной группе?,"Да, всегда"
1384848132,С какими трудностями вы чаще всего сталкиваетесь?,Непонимание задания
1384848132,Получаете ли вы чёткие инструкции и критерии оценки для проектов?,Иногда
1384848132,Есть ли возможность получить помощь при работе над проектом?,Иногда
1384848132,Как вы оцениваете уровень межкультурного взаимодействия?,Не замечаю
1384848132,Хотели бы вы участвовать в проектах с международными вузами?,Возможно
1384848132,Какой формат проектного обучения наиболее удобен?,Индивидуальный
1384848132,Какие меры поддержки наиболее полезны?,Наставник; Чёткие rubrics
1384848132,Какие технологии искусственного интеллекта вы используете для поддержки своей проектной работы?,Переводчики; Грамматические корректоры
1384848132,Могут ли технологии искусственного интеллекта помочь вам преодолеть языковые и культурные барьеры в проектном обучении?,"Да, значительно помогают"
1578544837,Страна,Казахстан
1578544837,Институт,УралЭНИН
1578544837,Направление,Электроэнергетика
1578544837,Уровень,бакалавр
1578544837,Возраст,19
1578544837,Какой у вас уровень владения русским языком?,Свободно
1578544837,На каком языке чаще всего проводятся проектные занятия?,Только на русском
1578544837,Чувствуете ли вы себя комфортно при общении в мультикультурной проектной группе?,Редко
1578544837,С какими трудностями вы чаще всего сталкиваетесь?,Сложности с ролями
1578544837,Получаете ли вы чёткие инструкции и критерии оценки для проектов?,"Да, всегда"
1578544837,Есть ли возможность получить помощь при работе над проектом?,"Да, всегда"
1578544837,Как вы оцениваете уровень межкультурного взаимодействия?,Умеренный
1578544837,Хотели бы вы участвовать в проектах с международными вузами?,Возможно
1578544837,Какой формат проектного обучения наиболее удобен?,Индивидуальный
1578544837,Какие меры поддержки наиболее полезны?,Наставник
1578544837,Какие технологии искусственного интеллекта вы используете для поддержки своей проектной работы?,Не использую
1578544837,Могут ли технологии искусственного интеллекта помочь вам преодолеть языковые и культурные барьеры в проектном обучении?,Отчасти
1756939125,Страна,Китай
1756939125,Институт,跨文化交流学院
1756939125,Направление,Филология
1756939125,Уровень,магистр
1756939125,Возраст,24
1756939125,Какой у вас уровень владения русским языком?,Свободно
1756939125,На каком языке чаще всего проводятся проектные занятия?,Только на русском
1756939125,Чувствуете ли вы себя комфортно при общении в мультикультурной проектной группе?,Иногда
1756939125,С какими трудностями вы чаще всего сталкиваетесь?,Непонимание задания
1756939125,Получаете ли вы чёткие инструкции и критерии оценки для проектов?,Иногда
1756939125,Есть ли возможность получить помощь при работе над проектом?,Иногда
1756939125,Как вы оцениваете уровень межкультурного взаимодействия?,Низкий
1756939125,Хотели бы вы участвовать в проектах с международными вузами?,Нет
1756939125,Какой формат проектного обучения наиболее удобен?,Только с иностранцами
1756939125,Какие меры поддержки наиболее полезны?,
1756939125,Какие технологии искусственного интеллекта вы используете для поддержки своей проектной работы?,Переводчики
1756939125,Могут ли технологии искусственного интеллекта помочь вам преодолеть языковые и культурные барьеры в проектном обучении?,Отчасти
1865964536,Страна,Казахстан
1865964536,Институт,УГИ
1865964536,Направление,Интеллектуальные системы в гуманитарной сфере
1865964536,Уровень,бакалавр
1865964536,Возраст,20
1865964536,Какой у вас уровень владения русским языком?,Свободно
1865964536,На каком языке чаще всего проводятся проектные занятия?,Только на русском
1865964536,Чувствуете ли вы себя комфортно при общении в мультикультурной проектной группе?,"Да, всегда"
1865964536,С какими трудностями вы чаще всего сталкиваетесь?,Непонимание задания; Сложности с ролями; Нет поддержки от преподавателя
1865964536,Получаете ли вы чёткие инструкции и критерии оценки для проектов?,Иногда
1865964536,Есть ли возможность получить помощь при работе над проектом?,Иногда
1865964536,Как вы оцениваете уровень межкультурного взаимодействия?,Умеренный
1865964536,Хотели бы вы участвовать в проектах с международными вузами?,Да
1865964536,Какой формат проектного обучения наиболее удобен?,Групповой
1865964536,Какие меры поддержки наиболее полезны?,Наставник; Часть работы на английском; Культурные брифинги
1865964536,Какие технологии искусственного интеллекта вы используете для поддержки своей проектной работы?,Презентации с поддержкой технологий искусственного интеллекта; Переводчики; Грамматические корректоры
1865964536,Могут ли технологии искусственного интеллекта помочь вам преодолеть языковые и культурные барьеры в проектном обучении?,Отчасти
1969104273,Страна,Иордания
1969104273,Институт,Я сейчас не учусь ни в каком университете.
2011221400,Страна,Италия
2011221400,Институт,РУДН
2011221400,Направление,Международные отношения
2011221400,Уровень,аспирант
2011221400,Возраст,26
2011221400,Какой у вас уровень владения русским языком?,Свободно
2011221400,На каком языке чаще всего проводятся проектные занятия?,Только на русском
2011221400,Чувствуете ли вы себя комфортно при общении в мультикультурной проектной группе?,"Да, всегда"
2011221400,С какими трудностями вы чаще всего сталкиваетесь?,Языковой барьер
2011221400,Получаете ли вы чёткие инструкции и критерии оценки для проектов?,Иногда
2011221400,Есть ли возможность получить помощь при работе над проектом?,Иногда
2011221400,Как вы оцениваете уровень межкультурного взаимодействия?,Очень высокий
2011221400,Хотели бы вы участвовать в проектах с международными вузами?,Возможно
2011221400,Какой формат проектного обучения наиболее удобен?,Индивидуальный
2011221400,Какие меры поддержки наиболее полезны?,Наставник
2011221400,Какие технологии искусственного интеллекта вы используете для поддержки своей проектной работы?,Не использую
2011221400,Могут ли технологии искусственного интеллекта помочь вам преодолеть языковые и культурные барьеры в проектном обучении?,"Да, значительно помогают"
2105478078,Страна,Замбия
2105478078,Институт,ИНЭУ
2105478078,Направление,Экономика
2105478078,Уровень,бакалавр
2105478078,Возраст,23
2105478078,Какой у вас уровень владения русским языком?,Свободно
2105478078,На каком языке чаще всего проводятся проектные занятия?,Только на английском
2105478078,Чувствуете ли вы себя комфортно при общении в мультикультурной проектной группе?,Иногда
2105478078,С какими трудностями вы чаще всего сталкиваетесь?,Непонимание задания; Разные стили работы; Языковой барьер
2105478078,Получаете ли вы чёткие инструкции и критерии оценки для проектов?,"Да, всегда"
2105478078,Есть ли возможность получить помощь при работе над проектом?,Иногда
2105478078,Как вы оцениваете уровень межкультурного взаимодействия?,Умеренный
2105478078,Хотели бы вы участвовать в проектах с международными вузами?,Возможно
2105478078,Какой формат проектного обучения наиболее удобен?,Только с иностранцами
2105478078,Какие меры поддержки наиболее полезны?,Языковые воркшопы
2105478078,Какие технологии искусственного интеллекта вы используете для поддержки своей проектной работы?,Ассистенты для текстов
2105478078,Могут ли технологии искусственного интеллекта помочь вам преодолеть языковые и культурные барьеры в проектном обучении?,"Да, значительно помогают"
5003937429,Страна,Иран
5003937429,Институт,УГИ
5003937429,Направление,Психология
5003937429,Уровень,аспирант
5003937429,Возраст,43
5003937429,Какой у вас уровень владения русским языком?,Базовый
5003937429,На каком языке чаще всего проводятся проектные занятия?,Смешанно
5003937429,Чувствуете ли вы себя комфортно при общении в мультикультурной проектной группе?,Иногда
5003937429,С какими трудностями вы чаще всего сталкиваетесь?,Другое
5003937429,Получаете ли вы чёткие инструкции и критерии оценки для проектов?,Иногда
5003937429,Есть ли возможность получить помощь при работе над проектом?,Иногда
5003937429,Как вы оцениваете уровень межкультурного взаимодействия?,Умеренный
5003937429,Хотели бы вы участвовать в проектах с международными вузами?,Возможно
5003937429,Какой формат проектного обучения наиболее удобен?,Групповой
5003937429,Какие меры поддержки наиболее полезны?,Языковые воркшопы; Часть работы на английском; Другое
5003937429,Какие технологии искусственного интеллекта вы используете для поддержки своей проектной работы?,Ассистенты для текстов; Грамматические корректоры; Другое
5003937429,Могут ли технологии искусственного интеллекта помочь вам преодолеть языковые и культурные барьеры в проектном обучении?,Отчасти
5043413186,Страна,Того
5043413186,Институт,УГИ
5043413186,Направление,Международные отношения
5043413186,Уровень,аспирант
5043413186,Возраст,34
5043413186,Какой у вас уровень владения русским языком?,Базовый
5043413186,На каком языке чаще всего проводятся проектные занятия?,Только на русском
5043413186,Чувствуете ли вы себя комфортно при общении в мультикультурной проектной группе?,Иногда
5043413186,С какими трудностями вы чаще всего сталкиваетесь?,Разные стили работы; Нет поддержки от преподавателя
5043413186,Получаете ли вы чёткие инструкции и критерии оценки для проектов?,Иногда
5043413186,Есть ли возможность получить помощь при работе над проектом?,"Да, всегда"
5043413186,Как вы оцениваете уровень межкультурного взаимодействия?,Очень высокий
5043413186,Хотели бы вы участвовать в проектах с международными вузами?,Да
5043413186,Какой формат проектного обучения наиболее удобен?,Групповой
5043413186,Какие меры поддержки наиболее полезны?,Языковые воркшопы; Культурные брифинги; Чёткие rubrics; Наставник
5043413186,Какие технологии искусственного интеллекта вы используете для поддержки своей проектной работы?,Переводчики; Презентации с поддержкой технологий искусственного интеллекта; Грамматические корректоры
5043413186,Могут ли технологии искусственного интеллекта помочь вам преодолеть языковые и культурные барьеры в проектном обучении?,"Да, значительно помогают"
5088206163,Страна,Габон
5088206163,Институт,ИРИТ-РТФ
5088206163,Направление,Информатика и вычислительная техника
5088206163,Уровень,бакалавр
5088206163,Возраст,22
5088206163,Какой у вас уровень владения русским языком?,Свободно
5088206163,На каком языке чаще всего проводятся проектные занятия?,Только на русском
5088206163,Чувствуете ли вы себя комфортно при общении в мультикультурной проектной группе?,Иногда
5088206163,С какими трудностями вы чаще всего сталкиваетесь?,Языковой барьер; Разные стили работы; Сложности с ролями
5088206163,Получаете ли вы чёткие инструкции и критерии оценки для проектов?,"Да, всегда"
5088206163,Есть ли возможность получить помощь при работе над проектом?,"Да, всегда"
5088206163,Как вы оцениваете уровень межкультурного взаимодействия?,Не замечаю
5088206163,Хотели бы вы участвовать в проектах с международными вузами?,Возможно
5088206163,Какой формат проектного обучения наиболее удобен?,Групповой
5088206163,Какие меры поддержки наиболее полезны?,Культурные брифинги; Языковые воркшопы; Наставник
5088206163,Какие технологии искусственного интеллекта вы используете для поддержки своей проектной работы?,Переводчики; Грамматические корректоры
5088206163,Могут ли технологии искусственного интеллекта помочь вам преодолеть языковые и культурные барьеры в проектном обучении?,"Да, значительно помогают"
5215990602,Страна,Египет
5215990602,Институт,ИРИТ-РТФ
5215990602,Направление,Информатика и вычислительная техника
5215990602,Уровень,бакалавр
5215990602,Возраст,24
5215990602,Какой у вас уровень владения русским языком?,Базовый
5215990602,На каком языке чаще всего проводятся проектные занятия?,Смешанно
5215990602,Чувствуете ли вы себя комфортно при общении в мультикультурной проектной группе?,Иногда
5215990602,С какими трудностями вы чаще всего сталкиваетесь?,
5215990602,Получаете ли вы чёткие инструкции и критерии оценки для проектов?,Иногда
5215990602,Есть ли возможность получить помощь при работе над проектом?,Не знаю
5215990602,Как вы оцениваете уровень межкультурного взаимодействия?,Умеренный
5215990602,Хотели бы вы участвовать в проектах с международными вузами?,Возможно
5215990602,Какой формат проектного обучения наиболее удобен?,Групповой
5215990602,Какие меры поддержки наиболее полезны?,
5215990602,Какие технологии искусственного интеллекта вы используете для поддержки своей проектной работы?,Ассистенты для текстов
5215990602,Могут ли технологии искусственного интеллекта помочь вам преодолеть языковые и культурные барьеры в проектном обучении?,Нет
5236397252,Страна,Россия
5236397252,Институт,"УрГЮУ, институт прокуратуры"
5236397252,Направление,40.05.04 «Судебная и прокурорская деятельность»
5236397252,Уровень,специалист
5236397252,Возраст,20
5236397252,Какой у вас уровень владения русским языком?,Свободно
5236397252,На каком языке чаще всего проводятся проектные занятия?,Только на русском
5236397252,Чувствуете ли вы себя комфортно при общении в мультикультурной проектной группе?,Иногда
5236397252,С какими трудностями вы чаще всего сталкиваетесь?,Разные стили работы
5236397252,Получаете ли вы чёткие инструкции и критерии оценки для проектов?,Иногда
5236397252,Есть ли возможность получить помощь при работе над проектом?,Нет
5236397252,Как вы оцениваете уровень межкультурного взаимодействия?,Умеренный
5236397252,Хотели бы вы участвовать в проектах с международными вузами?,Да
5236397252,Какой формат проектного обучения наиболее удобен?,Междисциплинарный модуль
5236397252,Какие меры поддержки наиболее полезны?,Культурные брифинги; Наставник; Часть работы на английском
5236397252,Какие технологии искусственного интеллекта вы используете для поддержки своей проектной работы?,Не использую
5236397252,Могут ли технологии искусственного интеллекта помочь вам преодолеть языковые и культурные барьеры в проектном обучении?,Затрудняюсь
5298542556,Страна,Египет
5367354118,Страна,Казахстан
5367354118,Институт,ИНМТ
5367354118,Направление,проектирование технологических машин и комплексов
5367354118,Уровень,специалист
5367354118,Возраст,20
5367354118,Какой у вас уровень владения русским языком?,Свободно
5367354118,На каком языке чаще всего проводятся проектные занятия?,Только на русском
5367354118,Чувствуете ли вы себя комфортно при общении в мультикультурной проектной группе?,"Да, всегда"
5367354118,С какими трудностями вы чаще всего сталкиваетесь?,Непонимание задания
5367354118,Получаете ли вы чёткие инструкции и критерии оценки для проектов?,Иногда
5367354118,Есть ли возможность получить помощь при работе над проектом?,Иногда
5367354118,Как вы оцениваете уровень межкультурного взаимодействия?,Очень высокий
5367354118,Хотели бы вы участвовать в проектах с международными вузами?,Да
5367354118,Какой формат проектного обучения наиболее удобен?,Индивидуальный
5367354118,Какие меры поддержки наиболее полезны?,Наставник; Чёткие rubrics
5367354118,Какие технологии искусственного интеллекта вы используете для поддержки своей проектной работы?,Не использую
5367354118,Могут ли технологии искусственного интеллекта помочь вам преодолеть языковые и культурные барьеры в проектном обучении?,Затрудняюсь
5648226046,Страна,Китай
5648226046,Институт,语言学院
5648226046,Направление,педогогия
5648226046,Уровень,магистр
5648226046,Возраст,23
5648226046,Какой у вас уровень владения русским языком?,Базовый
5648226046,На каком языке чаще всего проводятся проектные занятия?,Только на русском
5648226046,Чувствуете ли вы себя комфортно при общении в мультикультурной проектной группе?,Иногда
5648226046,С какими трудностями вы чаще всего сталкиваетесь?,Языковой барьер
5648226046,Получаете ли вы чёткие инструкции и критерии оценки для проектов?,Иногда
5648226046,Есть ли возможность получить помощь при работе над проектом?,Иногда
5648226046,Как вы оцениваете уровень межкультурного взаимодействия?,Умеренный
5648226046,Хотели бы вы участвовать в проектах с международными вузами?,Возможно
5648226046,Какой формат проектного обучения наиболее удобен?,Групповой
5648226046,Какие меры поддержки наиболее полезны?,Языковые воркшопы; Наставник; Чёткие rubrics
5648226046,Какие технологии искусственного интеллекта вы используете для поддержки своей проектной работы?,Переводчики
5648226046,Могут ли технологии искусственного интеллекта помочь вам преодолеть языковые и культурные барьеры в проектном обучении?,Отчасти
5779549740,Страна,Казахстан
5779549740,Институт,УГИ
5779549740,Направление,Психология
5779549740,Уровень,аспирант
5779549740,Возраст,26
5779549740,Какой у вас уровень владения русским языком?,Свободно
5779549740,На каком языке чаще всего проводятся проектные занятия?,Только на русском
5779549740,Чувствуете ли вы себя комфортно при общении в мультикультурной проектной группе?,"Да, всегда"
5779549740,С какими трудностями вы чаще всего сталкиваетесь?,Непонимание задания; Сложности с ролями
5779549740,Получаете ли вы чёткие инструкции и критерии оценки для проектов?,Иногда
5779549740,Есть ли возможность получить помощь при работе над проектом?,"Да, всегда"
5779549740,Как вы оцениваете уровень межкультурного взаимодействия?,Умеренный
5779549740,Хотели бы вы участвовать в проектах с международными вузами?,Да
5779549740,Какой формат проектного обучения наиболее удобен?,Групповой
5779549740,Какие меры поддержки наиболее полезны?,Культурные брифинги; Наставник; Чёткие rubrics
5779549740,Какие технологии искусственного интеллекта вы используете для поддержки своей проектной работы?,Переводчики; Ассистенты для текстов; Грамматические корректоры
5779549740,Могут ли технологии искусственного интеллекта помочь вам преодолеть языковые и культурные барьеры в проектном обучении?,"Да, значительно помогают"
5784666923,Страна,Египет
5784666923,Институт,ИРИТ-РТФ
5784666923,Направление,Алгоритмы искусственный интеллект
5784666923,Уровень,бакалавр
5784666923,Возраст,20
5784666923,Какой у вас уровень владения русским языком?,Базовый
5784666923,На каком языке чаще всего проводятся проектные занятия?,Только на русском
5784666923,Чувствуете ли вы себя комфортно при общении в мультикультурной проектной группе?,Иногда
5784666923,С какими трудностями вы чаще всего сталкиваетесь?,Непонимание задания
5784666923,Получаете ли вы чёткие инструкции и критерии оценки для проектов?,Иногда
5784666923,Есть ли возможность получить помощь при работе над проектом?,Нет
5784666923,Как вы оцениваете уровень межкультурного взаимодействия?,Умеренный
5784666923,Хотели бы вы участвовать в проектах с международными вузами?,Возможно
5784666923,Какой формат проектного обучения наиболее удобен?,Групповой
5784666923,Какие меры поддержки наиболее полезны?,Другое
5784666923,Какие технологии искусственного интеллекта вы используете для поддержки своей проектной работы?,Презентации с поддержкой технологий искусственного интеллекта
5784666923,Могут ли технологии искусственного интеллекта помочь вам преодолеть языковые и культурные барьеры в проектном обучении?,"Да, значительно помогают"
5795656762,Страна,Марокко
5795656762,Институт,ИРИТ-РТФ
5795656762,Направление,Программная инженерия
5795656762,Уровень,бакалавр
5795656762,Возраст,26
5795656762,Какой у вас уровень владения русским языком?,Свободно
5795656762,На каком языке чаще всего проводятся проектные занятия?,Только на русском
5795656762,Чувствуете ли вы себя комфортно при общении в мультикультурной проектной группе?,Редко
5795656762,С какими трудностями вы чаще всего сталкиваетесь?,Нет поддержки от преподавателя; Разные стили работы
5795656762,Получаете ли вы чёткие инструкции и критерии оценки для проектов?,Иногда
5795656762,Есть ли возможность получить помощь при работе над проектом?,Иногда
5795656762,Как вы оцениваете уровень межкультурного взаимодействия?,Не замечаю
5795656762,Хотели бы вы участвовать в проектах с международными вузами?,Да
5795656762,Какой формат проектного обучения наиболее удобен?,Групповой
5795656762,Какие меры поддержки наиболее полезны?,Наставник; Культурные брифинги
5795656762,Какие технологии искусственного интеллекта вы используете для поддержки своей проектной работы?,Грамматические корректоры; Другое
5795656762,Могут ли технологии искусственного интеллекта помочь вам преодолеть языковые и культурные барьеры в проектном обучении?,Отчасти
5822726610,Страна,Индонезия
5822726610,Институт,ХТИ
5822726610,Направление,Химическая технология
5822726610,Уровень,бакалавр
5822726610,Возраст,21
5822726610,Какой у вас уровень владения русским языком?,Свободно
5822726610,На каком языке чаще всего проводятся проектные занятия?,Только на русском
5822726610,Чувствуете ли вы себя комфортно при общении в мультикультурной проектной группе?,Иногда
5822726610,С какими трудностями вы чаще всего сталкиваетесь?,Сложности с ролями
5822726610,Получаете ли вы чёткие инструкции и критерии оценки для проектов?,"Да, всегда"
5822726610,Есть ли возможность получить помощь при работе над проектом?,"Да, всегда"
5822726610,Как вы оцениваете уровень межкультурного взаимодействия?,Умеренный
5822726610,Хотели бы вы участвовать в проектах с международными вузами?,Да
5822726610,Какой формат проектного обучения наиболее удобен?,Только с иностранцами
5822726610,Какие меры поддержки наиболее полезны?,Часть работы на английском
5822726610,Какие технологии искусственного интеллекта вы используете для поддержки своей проектной работы?,Грамматические корректоры
5822726610,Могут ли технологии искусственного интеллекта помочь вам преодолеть языковые и культурные барьеры в проектном обучении?,Затрудняюсь
5895412257,Страна,Казахстан
5895412257,Институт,ИНМТ
5895412257,Направление,Стандартизация и метрология
5895412257,Уровень,бакалавр
5895412257,Возраст,21
5895412257,Какой у вас уровень владения русским языком?,Свободно
5895412257,На каком языке чаще всего проводятся проектные занятия?,Только на русском
5895412257,Чувствуете ли вы себя комфортно при общении в мультикультурной проектной группе?,"Да, всегда"
5895412257,С какими трудностями вы чаще всего сталкиваетесь?,Другое
5895412257,Получаете ли вы чёткие инструкции и критерии оценки для проектов?,Иногда
5895412257,Есть ли возможность получить помощь при работе над проектом?,Иногда
5895412257,Как вы оцениваете уровень межкультурного взаимодействия?,Умеренный
5895412257,Хотели бы вы участвовать в проектах с международными вузами?,Да
5895412257,Какой формат проектного обучения наиболее удобен?,Групповой
5895412257,Какие меры поддержки наиболее полезны?,Языковые воркшопы; Культурные брифинги
5895412257,Какие технологии искусственного интеллекта вы используете для поддержки своей проектной работы?,Не использую
5895412257,Могут ли технологии искусственного интеллекта помочь вам преодолеть языковые и культурные барьеры в проектном обучении?,Затрудняюсь
5915839017,Страна,Египет
5915839017,Институт,ИНМТ
5915839017,Направление,Мехатроника и робототехника
5915839017,Уровень,бакалавр
5915839017,Возраст,22
5915839017,Какой у вас уровень владения русским языком?,Базовый
5915839017,На каком языке чаще всего проводятся проектные занятия?,Только на русском
5915839017,Чувствуете ли вы себя комфортно при общении в мультикультурной проектной группе?,"Да, всегда"
5915839017,С какими трудностями вы чаще всего сталкиваетесь?,Языковой барьер; Непонимание задания
5915839017,Получаете ли вы чёткие инструкции и критерии оценки для проектов?,Иногда
5915839017,Есть ли возможность получить помощь при работе над проектом?,Иногда
5915839017,Как вы оцениваете уровень межкультурного взаимодействия?,Низкий
5915839017,Хотели бы вы участвовать в проектах с международными вузами?,Да
5915839017,Какой формат проектного обучения наиболее удобен?,Междисциплинарный модуль
5915839017,Какие меры поддержки наиболее полезны?,Языковые воркшопы; Чёткие rubrics; Часть работы на английском
5915839017,Какие технологии искусственного интеллекта вы используете для поддержки своей проектной работы?,Переводчики; Грамматические корректоры; Ассистенты для текстов
5915839017,Могут ли технологии искусственного интеллекта помочь вам преодолеть языковые и культурные барьеры в проектном обучении?,Отчасти
5923463959,Страна,Монголия
5923463959,Институт,УГИ
5923463959,Направление,Международные отношения
5923463959,Уровень,бакалавр
5923463959,Возраст,22
5923463959,Какой у вас уровень владения русским языком?,Свободно
5923463959,На каком языке чаще всего проводятся проектные занятия?,Только на русском
5923463959,Чувствуете ли вы себя комфортно при общении в мультикультурной проектной группе?,Нет
5923463959,С какими трудностями вы чаще всего сталкиваетесь?,Разные стили работы; Языковой барьер; Другое
5923463959,Получаете ли вы чёткие инструкции и критерии оценки для проектов?,Иногда
5923463959,Есть ли возможность получить помощь при работе над проектом?,Иногда
5923463959,Как вы оцениваете уровень межкультурного взаимодействия?,Умеренный
5923463959,Хотели бы вы участвовать в проектах с международными вузами?,Возможно
5923463959,Какой формат проектного обучения наиболее удобен?,Индивидуальный
5923463959,Какие меры поддержки наиболее полезны?,Другое; Языковые воркшопы
5923463959,Какие технологии искусственного интеллекта вы используете для поддержки своей проектной работы?,Переводчики
5923463959,Могут ли технологии искусственного интеллекта помочь вам преодолеть языковые и культурные барьеры в проектном обучении?,"Да, значительно помогают"
5996774147,Страна,Китай
5996774147,Институт,УГИ
5996774147,Направление,Психология
5996774147,Уровень,аспирант
5996774147,Возраст,27
5996774147,Какой у вас уровень владения русским языком?,Очень слабый
5996774147,На каком языке чаще всего проводятся проектные занятия?,Смешанно
5996774147,Чувствуете ли вы себя комфортно при общении в мультикультурной проектной группе?,Иногда
5996774147,С какими трудностями вы чаще всего сталкиваетесь?,Языковой барьер; Разные стили работы
5996774147,Получаете ли вы чёткие инструкции и критерии оценки для проектов?,"Да, всегда"
5996774147,Есть ли возможность получить помощь при работе над проектом?,"Да, всегда"
5996774147,Как вы оцениваете уровень межкультурного взаимодействия?,Умеренный
5996774147,Хотели бы вы участвовать в проектах с международными вузами?,Возможно
5996774147,Какой формат проектного обучения наиболее удобен?,Групповой
5996774147,Какие меры поддержки наиболее полезны?,Языковые воркшопы; Чёткие rubrics; Часть работы на английском
5996774147,Какие технологии искусственного интеллекта вы используете для поддержки своей проектной работы?,Переводчики; Ассистенты для текстов
5996774147,Могут ли технологии искусственного интеллекта помочь вам преодолеть языковые и культурные барьеры в проектном обучении?,Отчасти
6001577026,Страна,Казахстан
6001577026,Институт,ИСА
6001577026,Направление,Строительство
6001577026,Уровень,магистр
6001577026,Возраст,32
6001577026,Какой у вас уровень владения русским языком?,Свободно
6001577026,На каком языке чаще всего проводятся проектные занятия?,Только на русском
6001577026,Чувствуете ли вы себя комфортно при общении в мультикультурной проектной группе?,"Да, всегда"
6001577026,С какими трудностями вы чаще всего сталкиваетесь?,Разные стили работы
6001577026,Получаете ли вы чёткие инструкции и критерии оценки для проектов?,Иногда
6001577026,Есть ли возможность получить помощь при работе над проектом?,"Да, всегда"
6001577026,Как вы оцениваете уровень межкультурного взаимодействия?,Очень высокий
6001577026,Хотели бы вы участвовать в проектах с международными вузами?,Да
6001577026,Какой формат проектного обучения наиболее удобен?,Групповой
6001577026,Какие меры поддержки наиболее полезны?,Языковые воркшопы; Наставник
6001577026,Какие технологии искусственного интеллекта вы используете для поддержки своей проектной работы?,Ассистенты для текстов; Переводчики; Грамматические корректоры
6001577026,Могут ли технологии искусственного интеллекта помочь вам преодолеть языковые и культурные барьеры в проектном обучении?,"Да, значительно помогают"
6044695411,Страна,Таджикистан
6044695411,Институт,ИНМТ
6044695411,Направление,Машиностроение
6044695411,Уровень,бакалавр
6044695411,Возраст,21
6044695411,Какой у вас уровень владения русским языком?,Базовый
6044695411,На каком языке чаще всего проводятся проектные занятия?,Только на русском
6044695411,Чувствуете ли вы себя комфортно при общении в мультикультурной проектной группе?,Иногда
6044695411,С какими трудностями вы чаще всего сталкиваетесь?,Языковой барьер; Непонимание задания; Другое
6044695411,Получаете ли вы чёткие инструкции и критерии оценки для проектов?,"Да, всегда"
6044695411,Есть ли возможность получить помощь при работе над проектом?,Иногда
6044695411,Как вы оцениваете уровень межкультурного взаимодействия?,Умеренный
6044695411,Хотели бы вы участвовать в проектах с международными вузами?,Возможно
6044695411,Какой формат проектного обучения наиболее удобен?,Групповой
6044695411,Какие меры поддержки наиболее полезны?,Наставник; Другое
6044695411,Какие технологии искусственного интеллекта вы используете для поддержки своей проектной работы?,Переводчики; Другое
6044695411,Могут ли технологии искусственного интеллекта помочь вам преодолеть языковые и культурные барьеры в проектном обучении?,Отчасти
6065174664,Страна,Гвинея
6065174664,Институт,ИЕНиМ
6065174664,Направление,Биохимия
6065174664,Уровень,бакалавр
6065174664,Возраст,24
6065174664,Какой у вас уровень владения русским языком?,Базовый
6065174664,На каком языке чаще всего проводятся проектные занятия?,Только на русском
6065174664,Чувствуете ли вы себя комфортно при общении в мультикультурной проектной группе?,Нет
6065174664,С какими трудностями вы чаще всего сталкиваетесь?,Разные стили работы; Другое
6065174664,Получаете ли вы чёткие инструкции и критерии оценки для проектов?,Иногда
6065174664,Есть ли возможность получить помощь при работе над проектом?,Нет
6065174664,Как вы оцениваете уровень межкультурного взаимодействия?,Умеренный
6065174664,Хотели бы вы участвовать в проектах с международными вузами?,Да
6065174664,Какой формат проектного обучения наиболее удобен?,Групповой
6065174664,Какие меры поддержки наиболее полезны?,Культурные брифинги
6065174664,Какие технологии искусственного интеллекта вы используете для поддержки своей проектной работы?,Переводчики
6065174664,Могут ли технологии искусственного интеллекта помочь вам преодолеть языковые и культурные барьеры в проектном обучении?,"Да, значительно помогают"
6156370161,Страна,Иордания
6156370161,Институт,ТГУ
6156370161,Направление,Стоматология
6156370161,Уровень,бакалавр
6156370161,Возраст,22
6156370161,Какой у вас уровень владения русским языком?,Базовый
6156370161,На каком языке чаще всего проводятся проектные занятия?,Только на русском
6156370161,Чувствуете ли вы себя комфортно при общении в мультикультурной проектной группе?,Иногда
6165693256,Страна,Китай
6165693256,Институт,Го
6165693256,Направление,Го
6165693256,Уровень,бакалавр
6165693256,Возраст,19
6165693256,Какой у вас уровень владения русским языком?,Не владею
6165693256,На каком языке чаще всего проводятся проектные занятия?,На другом языке
6165693256,Чувствуете ли вы себя комфортно при общении в мультикультурной проектной группе?,Нет
6165693256,С какими трудностями вы чаще всего сталкиваетесь?,
6165693256,Получаете ли вы чёткие инструкции и критерии оценки для проектов?,Никогда
6165693256,Есть ли возможность получить помощь при работе над проектом?,Не знаю
6165693256,Как вы оцениваете уровень межкультурного взаимодействия?,Не замечаю
6165693256,Хотели бы вы участвовать в проектах с международными вузами?,Не знаю
6165693256,Какой формат проектного обучения наиболее удобен?,Междисциплинарный модуль
6165693256,Какие меры поддержки наиболее полезны?,
6165693256,Какие технологии искусственного интеллекта вы используете для поддержки своей проектной работы?,
6165693256,Могут ли технологии искусственного интеллекта помочь вам преодолеть языковые и культурные барьеры в проектном обучении?,Нет
6245992309,Страна,Китай
6245992309,Институт,ИМФК
6245992309,Направление,Русский язык
6245992309,Уровень,магистр
6245992309,Возраст,27
6245992309,Какой у вас уровень владения русским языком?,Базовый
6245992309,На каком языке чаще всего проводятся проектные занятия?,Только на русском
6245992309,Чувствуете ли вы себя комфортно при общении в мультикультурной проектной группе?,"Да, всегда"
6245992309,С какими трудностями вы чаще всего сталкиваетесь?,Непонимание задания
6245992309,Получаете ли вы чёткие инструкции и критерии оценки для проектов?,"Да, всегда"
6245992309,Есть ли возможность получить помощь при работе над проектом?,"Да, всегда"
6245992309,Как вы оцениваете уровень межкультурного взаимодействия?,Очень высокий
6245992309,Хотели бы вы участвовать в проектах с международными вузами?,Да
6245992309,Какой формат проектного обучения наиболее удобен?,Групповой
6245992309,Какие меры поддержки наиболее полезны?,Языковые воркшопы
6245992309,Какие технологии искусственного интеллекта вы используете для поддержки своей проектной работы?,Переводчики; Не использую
6245992309,Могут ли технологии искусственного интеллекта помочь вам преодолеть языковые и культурные барьеры в проектном обучении?,Отчасти
6342230552,Страна,Китай
6342230552,Институт,УГИ
6342230552,Направление,Дизайн
6342230552,Уровень,бакалавр
6342230552,Возраст,20
6342230552,Какой у вас уровень владения русским языком?,Свободно
6342230552,На каком языке чаще всего проводятся проектные занятия?,Смешанно
6342230552,Чувствуете ли вы себя комфортно при общении в мультикультурной проектной группе?,Иногда
6342230552,С какими трудностями вы чаще всего сталкиваетесь?,Языковой барьер
6342230552,Получаете ли вы чёткие инструкции и критерии оценки для проектов?,"Да, всегда"
6342230552,Есть ли возможность получить помощь при работе над проектом?,"Да, всегда"
6342230552,Как вы оцениваете уровень межкультурного взаимодействия?,Очень высокий
6342230552,Хотели бы вы участвовать в проектах с международными вузами?,Да
6342230552,Какой формат проектного обучения наиболее удобен?,Групповой
6342230552,Какие меры поддержки наиболее полезны?,Языковые воркшопы
6342230552,Какие технологии искусственного интеллекта вы используете для поддержки своей проектной работы?,
6342230552,Могут ли технологии искусственного интеллекта помочь вам преодолеть языковые и культурные барьеры в проектном обучении?,Затрудняюсь
6434901459,Страна,Китай
6434901459,Институт,УрГЭУ
6434901459,Направление,Международный менеджер
6434901459,Уровень,бакалавр
6434901459,Возраст,21
6434901459,Какой у вас уровень владения русским языком?,Базовый
6434901459,На каком языке чаще всего проводятся проектные занятия?,Смешанно
6434901459,Чувствуете ли вы себя комфортно при общении в мультикультурной проектной группе?,Иногда
6434901459,С какими трудностями вы чаще всего сталкиваетесь?,Языковой барьер
6434901459,Получаете ли вы чёткие инструкции и критерии оценки для проектов?,Иногда
6434901459,Есть ли возможность получить помощь при работе над проектом?,"Да, всегда"
6434901459,Как вы оцениваете уровень межкультурного взаимодействия?,Умеренный
6434901459,Хотели бы вы участвовать в проектах с международными вузами?,Нет
6434901459,Какой формат проектного обучения наиболее удобен?,Только с иностранцами
6434901459,Какие меры поддержки наиболее полезны?,Языковые воркшопы; Чёткие rubrics
6434901459,Какие технологии искусственного интеллекта вы используете для поддержки своей проектной работы?,Другое
6434901459,Могут ли технологии искусственного интеллекта помочь вам преодолеть языковые и культурные барьеры в проектном обучении?,"Да, значительно помогают"
6444727649,Страна,Ok
6444727649,Институт,ИРИТ-РТФ
6444727649,Направление,Ai
6444727649,Уровень,аспирант
6444727649,Возраст,28
6444727649,Какой у вас уровень владения русским языком?,Очень слабый
6444727649,На каком языке чаще всего проводятся проектные занятия?,Только на английском
6444727649,Чувствуете ли вы себя комфортно при общении в мультикультурной проектной группе?,"Да, всегда"
6444727649,С какими трудностями вы чаще всего сталкиваетесь?,Разные стили работы; Другое
6444727649,Получаете ли вы чёткие инструкции и критерии оценки для проектов?,Иногда
6444727649,Есть ли возможность получить помощь при работе над проектом?,"Да, всегда"
6444727649,Как вы оцениваете уровень межкультурного взаимодействия?,Не замечаю
6444727649,Хотели бы вы участвовать в проектах с международными вузами?,Да
6444727649,Какой формат проектного обучения наиболее удобен?,Групповой
6444727649,Какие меры поддержки наиболее полезны?,Часть работы на английском
6444727649,Какие технологии искусственного интеллекта вы используете для поддержки своей проектной работы?,Другое
6444727649,Могут ли технологии искусственного интеллекта помочь вам преодолеть языковые и культурные барьеры в проектном обучении?,"Да, значительно помогают"
6534670344,Страна,Боливия
6534670344,Институт,ХТИ
6534670344,Направление,Биотехнология
6534670344,Уровень,бакалавр
6534670344,Возраст,20
6534670344,Какой у вас уровень владения русским языком?,Очень слабый
6534670344,На каком языке чаще всего проводятся проектные занятия?,Только на русском
6534670344,Чувствуете ли вы себя комфортно при общении в мультикультурной проектной группе?,Иногда
6534670344,С какими трудностями вы чаще всего сталкиваетесь?,Нет поддержки от преподавателя; Сложности с ролями; Языковой барьер
6534670344,Получаете ли вы чёткие инструкции и критерии оценки для проектов?,Редко
6534670344,Есть ли возможность получить помощь при работе над проектом?,Не знаю
6534670344,Как вы оцениваете уровень межкультурного взаимодействия?,Умеренный
6534670344,Хотели бы вы участвовать в проектах с международными вузами?,Да
6534670344,Какой формат проектного обучения наиболее удобен?,Групповой
6534670344,Какие меры поддержки наиболее полезны?,Наставник; Часть работы на английском; Языковые воркшопы
6534670344,Какие технологии искусственного интеллекта вы используете для поддержки своей проектной работы?,Переводчики; Ассистенты для текстов
6534670344,Могут ли технологии искусственного интеллекта помочь вам преодолеть языковые и культурные барьеры в проектном обучении?,"Да, значительно помогают"
6639444362,Страна,Казахстан
6639444362,Институт,ИНЭУ
6639444362,Направление,Экономика и управление
6639444362,Уровень,бакалавр
6639444362,Возраст,21
6639444362,Какой у вас уровень владения русским языком?,Свободно
6639444362,На каком языке чаще всего проводятся проектные занятия?,Только на русском
6639444362,Чувствуете ли вы себя комфортно при общении в мультикультурной проектной группе?,Нет
6639444362,С какими трудностями вы чаще всего сталкиваетесь?,Другое
6639444362,Получаете ли вы чёткие инструкции и критерии оценки для проектов?,"Да, всегда"
6639444362,Есть ли возможность получить помощь при работе над проектом?,Иногда
6706409308,Страна,Мавритания
6706409308,Институт,ИРИТ-РТФ
6706409308,Направление,Прикладной искусственный интеллект
6706409308,Уровень,магистр
6706409308,Возраст,25
6706409308,Какой у вас уровень владения русским языком?,Базовый
6706409308,На каком языке чаще всего проводятся проектные занятия?,Только на английском
6706409308,Чувствуете ли вы себя комфортно при общении в мультикультурной проектной группе?,"Да, всегда"
6706409308,С какими трудностями вы чаще всего сталкиваетесь?,Разные стили работы; Непонимание задания; Другое
6706409308,Получаете ли вы чёткие инструкции и критерии оценки для проектов?,"Да, всегда"
6706409308,Есть ли возможность получить помощь при работе над проектом?,"Да, всегда"
6706409308,Как вы оцениваете уровень межкультурного взаимодействия?,Умеренный
6706409308,Хотели бы вы участвовать в проектах с международными вузами?,Да
6706409308,Какой формат проектного обучения наиболее удобен?,Групповой
6706409308,Какие меры поддержки наиболее полезны?,Языковые воркшопы; Культурные брифинги; Часть работы на английском
6706409308,Какие технологии искусственного интеллекта вы используете для поддержки своей проектной работы?,Переводчики; Ассистенты для текстов
6706409308,Могут ли технологии искусственного интеллекта помочь вам преодолеть языковые и культурные барьеры в проектном обучении?,"Да, значительно помогают"
6714849203,Страна,Китай
6714849203,Институт,ИНЭУ
6714849203,Направление,Менеджмент
6714849203,Уровень,бакалавр
6714849203,Возраст,21
6714849203,Какой у вас уровень владения русским языком?,Базовый
6714849203,На каком языке чаще всего проводятся проектные занятия?,Смешанно
6714849203,Чувствуете ли вы себя комфортно при общении в мультикультурной проектной группе?,Редко
6714849203,С какими трудностями вы чаще всего сталкиваетесь?,Непонимание задания; Нет поддержки от преподавателя
6714849203,Получаете ли вы чёткие инструкции и критерии оценки для проектов?,Иногда
6714849203,Есть ли возможность получить помощь при работе над проектом?,Иногда
6714849203,Как вы оцениваете уровень межкультурного взаимодействия?,Низкий
6714849203,Хотели бы вы участвовать в проектах с международными вузами?,Возможно
6714849203,Какой формат проектного обучения наиболее удобен?,Групповой
6714849203,Какие меры поддержки наиболее полезны?,Языковые воркшопы; Культурные брифинги
6714849203,Какие технологии искусственного интеллекта вы используете для поддержки своей проектной работы?,Грамматические корректоры; Презентации с поддержкой технологий искусственного интеллекта; Ассистенты для текстов; Переводчики
6714849203,Могут ли технологии искусственного интеллекта помочь вам преодолеть языковые и культурные барьеры в проектном обучении?,"Да, значительно помогают"
6740102124,Страна,Китай
6740102124,Институт,华侨大学
6740102124,Направление,音乐表演
6740102124,Уровень,магистр
6740102124,Возраст,25
6740102124,Какой у вас уровень владения русским языком?,Базовый
6740102124,На каком языке чаще всего проводятся проектные занятия?,Только на русском
6740102124,Чувствуете ли вы себя комфортно при общении в мультикультурной проектной группе?,Редко
6740102124,С какими трудностями вы чаще всего сталкиваетесь?,Языковой барьер
6740102124,Получаете ли вы чёткие инструкции и критерии оценки для проектов?,Редко
6740102124,Есть ли возможность получить помощь при работе над проектом?,"Да, всегда"
6740102124,Как вы оцениваете уровень межкультурного взаимодействия?,Низкий
6740102124,Хотели бы вы участвовать в проектах с международными вузами?,Нет
6740102124,Какой формат проектного обучения наиболее удобен?,Групповой
6740102124,Какие меры поддержки наиболее полезны?,Наставник; Чёткие rubrics; Культурные брифинги; Языковые воркшопы
6740102124,Какие технологии искусственного интеллекта вы используете для поддержки своей проектной работы?,Переводчики; Ассистенты для текстов
6740102124,Могут ли технологии искусственного интеллекта помочь вам преодолеть языковые и культурные барьеры в проектном обучении?,Отчасти
6744489474,Страна,Мавритания
6744489474,Институт,ИНЭУ
6744489474,Направление,Международная торговля
6744489474,Уровень,магистр
6744489474,Возраст,25
6744489474,Какой у вас уровень владения русским языком?,Не владею
6744489474,На каком языке чаще всего проводятся проектные занятия?,Только на английском
6799868136,Страна,Пакистан
6799868136,Институт,УГИ
6799868136,Направление,Филология
6799868136,Уровень,бакалавр
6799868136,Возраст,30
6799868136,Какой у вас уровень владения русским языком?,Базовый
6799868136,На каком языке чаще всего проводятся проектные занятия?,Только на русском
6799868136,Чувствуете ли вы себя комфортно при общении в мультикультурной проектной группе?,"Да, всегда"
6799868136,С какими трудностями вы чаще всего сталкиваетесь?,Языковой барьер; Непонимание задания; Сложности с ролями
6799868136,Получаете ли вы чёткие инструкции и критерии оценки для проектов?,Иногда
6799868136,Есть ли возможность получить помощь при работе над проектом?,"Да, всегда"
6799868136,Как вы оцениваете уровень межкультурного взаимодействия?,Очень высокий
6799868136,Хотели бы вы участвовать в проектах с международными вузами?,Да
6799868136,Какой формат проектного обучения наиболее удобен?,Групповой
6799868136,Какие меры поддержки наиболее полезны?,Языковые воркшопы; Наставник
6799868136,Какие технологии искусственного интеллекта вы используете для поддержки своей проектной работы?,Переводчики; Ассистенты для текстов
6799868136,Могут ли технологии искусственного интеллекта помочь вам преодолеть языковые и культурные барьеры в проектном обучении?,"Да, значительно помогают"
6842447442,Страна,Китай
6842447442,Институт,ИНЭУ
6842447442,Направление,Финансы
6842447442,Уровень,аспирант
6842447442,Возраст,30
6842447442,Какой у вас уровень владения русским языком?,Очень слабый
6842447442,На каком языке чаще всего проводятся проектные занятия?,Только на английском
6842447442,Чувствуете ли вы себя комфортно при общении в мультикультурной проектной группе?,Иногда
6842447442,С какими трудностями вы чаще всего сталкиваетесь?,Языковой барьер; Непонимание задания; Нет поддержки от преподавателя
6842447442,Получаете ли вы чёткие инструкции и критерии оценки для проектов?,Иногда
6842447442,Есть ли возможность получить помощь при работе над проектом?,Иногда
6842447442,Как вы оцениваете уровень межкультурного взаимодействия?,Умеренный
6842447442,Хотели бы вы участвовать в проектах с международными вузами?,Возможно
6842447442,Какой формат проектного обучения наиболее удобен?,Индивидуальный
6842447442,Какие меры поддержки наиболее полезны?,Языковые воркшопы; Чёткие rubrics
6842447442,Какие технологии искусственного интеллекта вы используете для поддержки своей проектной работы?,Переводчики
6842447442,Могут ли технологии искусственного интеллекта помочь вам преодолеть языковые и культурные барьеры в проектном обучении?,"Да, значительно помогают"
6862525679,Страна,Монголия
6862525679,Институт,ИНМТ
6862525679,Направление,Металлурги
6862525679,Уровень,бакалавр
6862525679,Возраст,23
6862525679,Какой у вас уровень владения русским языком?,Очень слабый
6862525679,На каком языке чаще всего проводятся проектные занятия?,Только на русском
6862525679,Чувствуете ли вы себя комфортно при общении в мультикультурной проектной группе?,Иногда
6862525679,С какими трудностями вы чаще всего сталкиваетесь?,Языковой барьер
6862525679,Получаете ли вы чёткие инструкции и критерии оценки для проектов?,Иногда
6862525679,Есть ли возможность получить помощь при работе над проектом?,"Да, всегда"
6862525679,Как вы оцениваете уровень межкультурного взаимодействия?,Умеренный
6862525679,Хотели бы вы участвовать в проектах с международными вузами?,Да
6862525679,Какой формат проектного обучения наиболее удобен?,Только с иностранцами
6862525679,Какие меры поддержки наиболее полезны?,Языковые воркшопы
6862525679,Какие технологии искусственного интеллекта вы используете для поддержки своей проектной работы?,Переводчики
6862525679,Могут ли технологии искусственного интеллекта помочь вам преодолеть языковые и культурные барьеры в проектном обучении?,Отчасти
6982449549,Страна,Мавритания
6982449549,Институт,ИРИТ-РТФ
6982449549,Направление,"""Разработка и управление в программных проектах"""
6982449549,Уровень,магистр
6982449549,Возраст,23
6982449549,Какой у вас уровень владения русским языком?,Свободно
6982449549,На каком языке чаще всего проводятся проектные занятия?,Только на русском
6982449549,Чувствуете ли вы себя комфортно при общении в мультикультурной проектной группе?,Иногда
6982449549,С какими трудностями вы чаще всего сталкиваетесь?,Языковой барьер; Непонимание задания; Другое
6982449549,Получаете ли вы чёткие инструкции и критерии оценки для проектов?,"Да, всегда"
6982449549,Есть ли возможность получить помощь при работе над проектом?,Иногда
6982449549,Как вы оцениваете уровень межкультурного взаимодействия?,Умеренный
6982449549,Хотели бы вы участвовать в проектах с международными вузами?,Да
6982449549,Какой формат проектного обучения наиболее удобен?,Групповой
6982449549,Какие меры поддержки наиболее полезны?,Другое
6982449549,Какие технологии искусственного интеллекта вы используете для поддержки своей проектной работы?,Переводчики; Другое
6982449549,Могут ли технологии искусственного интеллекта помочь вам преодолеть языковые и культурные барьеры в проектном обучении?,"Да, значительно помогают"
7028993353,Страна,Китай
7028993353,Институт,国际关系
7028993353,Направление,历史文学
7028993353,Уровень,магистр
7028993353,Возраст,23
7028993353,Какой у вас уровень владения русским языком?,Очень слабый
7028993353,На каком языке чаще всего проводятся проектные занятия?,Смешанно
7028993353,Чувствуете ли вы себя комфортно при общении в мультикультурной проектной группе?,Иногда
7103161715,Страна,Алжир
7103161715,Институт,ИРИТ-РТФ
7103161715,Направление,Прикладной искусственный интеллект
7103161715,Уровень,магистр
7103161715,Возраст,25
7103161715,Какой у вас уровень владения русским языком?,Базовый
7103161715,На каком языке чаще всего проводятся проектные занятия?,Только на английском
7103161715,Чувствуете ли вы себя комфортно при общении в мультикультурной проектной группе?,Нет
7116005224,Страна,Китай
7116005224,Институт,УГИ
7116005224,Направление,арт дизайн
7116005224,Уровень,аспирант
7116005224,Возраст,25
7116005224,Какой у вас уровень владения русским языком?,Очень слабый
7116005224,На каком языке чаще всего проводятся проектные занятия?,Только на русском
7116005224,Чувствуете ли вы себя комфортно при общении в мультикультурной проектной группе?,Нет
7116005224,С какими трудностями вы чаще всего сталкиваетесь?,Языковой барьер; Разные стили работы
7116005224,Получаете ли вы чёткие инструкции и критерии оценки для проектов?,Иногда
7116005224,Есть ли возможность получить помощь при работе над проектом?,"Да, всегда"
7116005224,Как вы оцениваете уровень межкультурного взаимодействия?,Не замечаю
7116005224,Хотели бы вы участвовать в проектах с международными вузами?,Возможно
7116005224,Какой формат проектного обучения наиболее удобен?,Групповой
7116005224,Какие меры поддержки наиболее полезны?,Наставник
7116005224,Какие технологии искусственного интеллекта вы используете для поддержки своей проектной работы?,Ассистенты для текстов
7116005224,Могут ли технологии искусственного интеллекта помочь вам преодолеть языковые и культурные барьеры в проектном обучении?,Отчасти
7218173526,Страна,Иордания
7218173526,Институт,Подфак
7218173526,Направление,Управление
7218173526,Уровень,аспирант
7218173526,Возраст,36
7218173526,Какой у вас уровень владения русским языком?,Базовый
7218173526,На каком языке чаще всего проводятся проектные занятия?,Только на русском
7218173526,Чувствуете ли вы себя комфортно при общении в мультикультурной проектной группе?,Иногда
7218173526,С какими трудностями вы чаще всего сталкиваетесь?,Языковой барьер; Непонимание задания
7218173526,Получаете ли вы чёткие инструкции и критерии оценки для проектов?,Иногда
7218173526,Есть ли возможность получить помощь при работе над проектом?,"Да, всегда"
7218173526,Как вы оцениваете уровень межкультурного взаимодействия?,Умеренный
7218173526,Хотели бы вы участвовать в проектах с международными вузами?,Да
7218173526,Какой формат проектного обучения наиболее удобен?,Групповой
7218173526,Какие меры поддержки наиболее полезны?,Языковые воркшопы; Культурные брифинги; Наставник
7218173526,Какие технологии искусственного интеллекта вы используете для поддержки своей проектной работы?,Ассистенты для текстов; Презентации с поддержкой технологий искусственного интеллекта
7218173526,Могут ли технологии искусственного интеллекта помочь вам преодолеть языковые и культурные барьеры в проектном обучении?,"Да, значительно помогают"
7322444218,Страна,Туркменистан
7322444218,Институт,УГИ
7322444218,Направление,Филология
7322444218,Уровень,бакалавр
7322444218,Возраст,23
7322444218,Какой у вас уровень владения русским языком?,Базовый
7322444218,На каком языке чаще всего проводятся проектные занятия?,Только на русском
7322444218,Чувствуете ли вы себя комфортно при общении в мультикультурной проектной группе?,"Да, всегда"
7322444218,С какими трудностями вы чаще всего сталкиваетесь?,Языковой барьер
7322444218,Получаете ли вы чёткие инструкции и критерии оценки для проектов?,"Да, всегда"
7322444218,Есть ли возможность получить помощь при работе над проектом?,"Да, всегда"
7322444218,Как вы оцениваете уровень межкультурного взаимодействия?,Очень высокий
7322444218,Хотели бы вы участвовать в проектах с международными вузами?,Да
7322444218,Какой формат проектного обучения наиболее удобен?,Групповой
7322444218,Какие меры поддержки наиболее полезны?,Наставник
7322444218,Какие технологии искусственного интеллекта вы используете для поддержки своей проектной работы?,Грамматические корректоры; Не использую
7322444218,Могут ли технологии искусственного интеллекта помочь вам преодолеть языковые и культурные барьеры в проектном обучении?,"Да, значительно помогают"
7376485745,Страна,Китай
7376485745,Институт,Подфак
7419932990,Страна,Китай
7419932990,Институт,对外俄语
7419932990,Направление,Русский как иностранный
7419932990,Уровень,магистр
7419932990,Возраст,23
7419932990,Какой у вас уровень владения русским языком?,Базовый
7419932990,На каком языке чаще всего проводятся проектные занятия?,Только на русском
7419932990,Чувствуете ли вы себя комфортно при общении в мультикультурной проектной группе?,Иногда
7419932990,С какими трудностями вы чаще всего сталкиваетесь?,Языковой барьер; Разные стили работы; Непонимание задания
7419932990,Получаете ли вы чёткие инструкции и критерии оценки для проектов?,Иногда
7419932990,Есть ли возможность получить помощь при работе над проектом?,Иногда
7419932990,Как вы оцениваете уровень межкультурного взаимодействия?,Умеренный
7419932990,Хотели бы вы участвовать в проектах с международными вузами?,Да
7419932990,Какой формат проектного обучения наиболее удобен?,Индивидуальный
7419932990,Какие меры поддержки наиболее полезны?,Культурные брифинги
7419932990,Какие технологии искусственного интеллекта вы используете для поддержки своей проектной работы?,Переводчики
7419932990,Могут ли технологии искусственного интеллекта помочь вам преодолеть языковые и культурные барьеры в проектном обучении?,"Да, значительно помогают"
7473932965,Страна,Эквадор
7473932965,Институт,ФТИ
7473932965,Направление,Биоинженерия
7473932965,Уровень,бакалавр
7473932965,Возраст,18
7473932965,Какой у вас уровень владения русским языком?,Очень слабый
7473932965,На каком языке чаще всего проводятся проектные занятия?,Только на русском
7473932965,Чувствуете ли вы себя комфортно при общении в мультикультурной проектной группе?,"Да, всегда"
7473932965,С какими трудностями вы чаще всего сталкиваетесь?,Языковой барьер; Разные стили работы
7473932965,Получаете ли вы чёткие инструкции и критерии оценки для проектов?,"Да, всегда"
7473932965,Есть ли возможность получить помощь при работе над проектом?,"Да, всегда"
7473932965,Как вы оцениваете уровень межкультурного взаимодействия?,Очень высокий
7473932965,Хотели бы вы участвовать в проектах с международными вузами?,Да
7473932965,Какой формат проектного обучения наиболее удобен?,Только с иностранцами
7473932965,Какие меры поддержки наиболее полезны?,
7473932965,Какие технологии искусственного интеллекта вы используете для поддержки своей проектной работы?,Презентации с поддержкой технологий искусственного интеллекта; Ассистенты для текстов; Переводчики
7473932965,Могут ли технологии искусственного интеллекта помочь вам преодолеть языковые и культурные барьеры в проектном обучении?,"Да, значительно помогают"
7494607036,Страна,Китай
7494607036,Институт,Филология
7494607036,Направление,Русский как иностранный
7494607036,Уровень,магистр
7494607036,Возраст,23
7494607036,Какой у вас уровень владения русским языком?,Базовый
7494607036,На каком языке чаще всего проводятся проектные занятия?,На другом языке
7494607036,Чувствуете ли вы себя комфортно при общении в мультикультурной проектной группе?,Иногда
7494607036,С какими трудностями вы чаще всего сталкиваетесь?,Другое
7494607036,Получаете ли вы чёткие инструкции и критерии оценки для проектов?,Редко
7494607036,Есть ли возможность получить помощь при работе над проектом?,"Да, всегда"
7494607036,Как вы оцениваете уровень межкультурного взаимодействия?,Умеренный
7494607036,Хотели бы вы участвовать в проектах с международными вузами?,Нет
7494607036,Какой формат проектного обучения наиболее удобен?,Только с иностранцами
7494607036,Какие меры поддержки наиболее полезны?,Другое; Часть работы на английском
7494607036,Какие технологии искусственного интеллекта вы используете для поддержки своей проектной работы?,Не использую; Грамматические корректоры; Презентации с поддержкой технологий искусственного интеллекта
7494607036,Могут ли технологии искусственного интеллекта помочь вам преодолеть языковые и культурные барьеры в проектном обучении?,Нет
7541383476,Страна,Китай
7541383476,Институт,Филологии
7553254099,Страна,Мавритания
7553254099,Институт,Подфак
7553254099,Направление,Не знаю
7560515812,Страна,Иордания
7560515812,Институт,Тгту
7560515812,Направление,Русский язык
7569206342,Страна,Китай
7569206342,Институт,ИРИТ-РТФ
7569206342,Направление,Прикладной искусственный интеллект
7569206342,Уровень,магистр
7569206342,Возраст,24
7569206342,Какой у вас уровень владения русским языком?,Не владею
7569206342,На каком языке чаще всего проводятся проектные занятия?,Только на английском
7569206342,Чувствуете ли вы себя комфортно при общении в мультикультурной проектной группе?,"Да, всегда"
7569206342,С какими трудностями вы чаще всего сталкиваетесь?,Другое; Разные стили работы
7569206342,Получаете ли вы чёткие инструкции и критерии оценки для проектов?,"Да, всегда"
7569206342,Есть ли возможность получить помощь при работе над проектом?,Иногда
7569206342,Как вы оцениваете уровень межкультурного взаимодействия?,Умеренный
7569206342,Хотели бы вы участвовать в проектах с международными вузами?,Нет
7569206342,Какой формат проектного обучения наиболее удобен?,Индивидуальный
7569206342,Какие меры поддержки наиболее полезны?,Наставник
7569206342,Какие технологии искусственного интеллекта вы используете для поддержки своей проектной работы?,Ассистенты для текстов
7569206342,Могут ли технологии искусственного интеллекта помочь вам преодолеть языковые и культурные барьеры в проектном обучении?,"Да, значительно помогают"
7618218669,Страна,Китай
7618218669,Институт,ИСА
7618218669,Направление,"Строительные конструкции, здания и сооружения"
7618218669,Уровень,аспирант
7618218669,Возраст,32
7618218669,Какой у вас уровень владения русским языком?,Базовый
7618218669,На каком языке чаще всего проводятся проектные занятия?,Только на русском
7618218669,Чувствуете ли вы себя комфортно при общении в мультикультурной проектной группе?,Иногда
7618218669,С какими трудностями вы чаще всего сталкиваетесь?,Языковой барьер; Непонимание задания
7618218669,Получаете ли вы чёткие инструкции и критерии оценки для проектов?,Иногда
7618218669,Есть ли возможность получить помощь при работе над проектом?,Нет
7618218669,Как вы оцениваете уровень межкультурного взаимодействия?,Низкий
7618218669,Хотели бы вы участвовать в проектах с международными вузами?,Возможно
7618218669,Какой формат проектного обучения наиболее удобен?,Индивидуальный
7618218669,Какие меры поддержки наиболее полезны?,Языковые воркшопы
7618218669,Какие технологии искусственного интеллекта вы используете для поддержки своей проектной работы?,Грамматические корректоры; Переводчики
7618218669,Могут ли технологии искусственного интеллекта помочь вам преодолеть языковые и культурные барьеры в проектном обучении?,"Да, значительно помогают"
7682109288,Страна,страны
7682109288,Институт,ХТИ
7682109288,Направление,Food biotechnology
7682109288,Уровень,магистр
7682109288,Возраст,28
7682109288,Какой у вас уровень владения русским языком?,Базовый
7682109288,На каком языке чаще всего проводятся проектные занятия?,Только на английском
7682109288,Чувствуете ли вы себя комфортно при общении в мультикультурной проектной группе?,Редко
7682109288,С какими трудностями вы чаще всего сталкиваетесь?,Языковой барьер
7682109288,Получаете ли вы чёткие инструкции и критерии оценки для проектов?,"Да, всегда"
7682109288,Есть ли возможность получить помощь при работе над проектом?,"Да, всегда"
7682109288,Как вы оцениваете уровень межкультурного взаимодействия?,Низкий
7682109288,Хотели бы вы участвовать в проектах с международными вузами?,Да
7682109288,Какой формат проектного обучения наиболее удобен?,Групповой
7682109288,Какие меры поддержки наиболее полезны?,Языковые воркшопы; Культурные брифинги; Часть работы на английском
7682109288,Какие технологии искусственного интеллекта вы используете для поддержки своей проектной работы?,Грамматические корректоры; Ассистенты для текстов
7682109288,Могут ли технологии искусственного интеллекта помочь вам преодолеть языковые и культурные барьеры в проектном обучении?,"Да, значительно помогают"
7690199858,Страна,Иордания
7690199858,Институт,روسي
7690199858,Направление,Русский язык
7690199858,Уровень,هل تفهم عربي
7704501152,Страна,Китай
7704501152,Институт,УГИ
7722416369,Страна,Китай
7722416369,Институт,ИНЭУ
7722416369,Направление,Управление в организационных системах
7722416369,Уровень,аспирант
7722416369,Возраст,31
7722416369,Какой у вас уровень владения русским языком?,Не владею
7722416369,На каком языке чаще всего проводятся проектные занятия?,Только на английском
7722416369,Чувствуете ли вы себя комфортно при общении в мультикультурной проектной группе?,Нет
7784830018,Страна,Китай
7784830018,Институт,урфу
7784830018,Направление,Компьютерная специальность ТПО
7784830018,Уровень,бакалавр
7784830018,Возраст,22
7784830018,Какой у вас уровень владения русским языком?,Базовый
7784830018,На каком языке чаще всего проводятся проектные занятия?,Только на русском
7784830018,Чувствуете ли вы себя комфортно при общении в мультикультурной проектной группе?,"Да, всегда"
7784830018,С какими трудностями вы чаще всего сталкиваетесь?,Языковой барьер; Другое; Непонимание задания
7784830018,Получаете ли вы чёткие инструкции и критерии оценки для проектов?,Иногда
7784830018,Есть ли возможность получить помощь при работе над проектом?,"Да, всегда"
7784830018,Как вы оцениваете уровень межкультурного взаимодействия?,Очень высокий
7784830018,Хотели бы вы участвовать в проектах с международными вузами?,Возможно
7784830018,Какой формат проектного обучения наиболее удобен?,Групповой
7784830018,Какие меры поддержки наиболее полезны?,Другое; Языковые воркшопы
7784830018,Какие технологии искусственного интеллекта вы используете для поддержки своей проектной работы?,Переводчики; Ассистенты для текстов; Другое
7784830018,Могут ли технологии искусственного интеллекта помочь вам преодолеть языковые и культурные барьеры в проектном обучении?,"Да, значительно помогают"
7800686014,Страна,Китай
7800686014,Институт,吞吞吐吐
7800686014,Направление,吞吞吐吐
7800686014,Уровень,吞吞吐吐
7800686014,Возраст,55
7800686014,Какой у вас уровень владения русским языком?,Свободно
7800686014,На каком языке чаще всего проводятся проектные занятия?,Только на русском
7838555789,Страна,Китай
7838555789,Институт,УГИ
7838555789,Направление,Глобальное и региональное исследование
7838555789,Уровень,аспирант
7838555789,Возраст,26
7838555789,Какой у вас уровень владения русским языком?,Свободно
7838555789,На каком языке чаще всего проводятся проектные занятия?,Только на русском
7838555789,Чувствуете ли вы себя комфортно при общении в мультикультурной проектной группе?,"Да, всегда"
7838555789,С какими трудностями вы чаще всего сталкиваетесь?,Языковой барьер
7838555789,Получаете ли вы чёткие инструкции и критерии оценки для проектов?,"Да, всегда"
7838555789,Есть ли возможность получить помощь при работе над проектом?,"Да, всегда"
7838555789,Как вы оцениваете уровень межкультурного взаимодействия?,Очень высокий
7838555789,Хотели бы вы участвовать в проектах с международными вузами?,Да
7838555789,Какой формат проектного обучения наиболее удобен?,Групповой
7838555789,Какие меры поддержки наиболее полезны?,Языковые воркшопы
7838555789,Какие технологии искусственного интеллекта вы используете для поддержки своей проектной работы?,Переводчики
7838555789,Могут ли технологии искусственного интеллекта помочь вам преодолеть языковые и культурные барьеры в проектном обучении?,Затрудняюсь
7943039436,Страна,Южный Судан
7943039436,Институт,УГИ
7943039436,Направление,государственная политика и социальные науки
7943039436,Уровень,бакалавр
7943039436,Возраст,22
7943039436,Какой у вас уровень владения русским языком?,Базовый
7943039436,На каком языке чаще всего проводятся проектные занятия?,Только на английском
7943039436,Чувствуете ли вы себя комфортно при общении в мультикультурной проектной группе?,"Да, всегда"
7943039436,С какими трудностями вы чаще всего сталкиваетесь?,Языковой барьер; Непонимание задания
7943039436,Получаете ли вы чёткие инструкции и критерии оценки для проектов?,"Да, всегда"
7943039436,Есть ли возможность получить помощь при работе над проектом?,"Да, всегда"
7943039436,Как вы оцениваете уровень межкультурного взаимодействия?,Умеренный
7943039436,Хотели бы вы участвовать в проектах с международными вузами?,Да
7943039436,Какой формат проектного обучения наиболее удобен?,Групповой
7943039436,Какие меры поддержки наиболее полезны?,Языковые воркшопы
7943039436,Какие технологии искусственного интеллекта вы используете для поддержки своей проектной работы?,Ассистенты для текстов
7943039436,Могут ли технологии искусственного интеллекта помочь вам преодолеть языковые и культурные барьеры в проектном обучении?,"Да, значительно помогают"
8361182069,Страна,Китай
8361182069,Институт,ИРИТ-РТФ
8361182069,Направление,Прикладной искусственный интеллект
8361182069,Уровень,магистр
8361182069,Возраст,25
8361182069,Какой у вас уровень владения русским языком?,Не владею
8361182069,На каком языке чаще всего проводятся проектные занятия?,Только на английском
8361182069,Чувствуете ли вы себя комфортно при общении в мультикультурной проектной группе?,"Да, всегда"
8361182069,С какими трудностями вы чаще всего сталкиваетесь?,Языковой барьер; Сложности с ролями
8361182069,Получаете ли вы чёткие инструкции и критерии оценки для проектов?,Редко
8361182069,Есть ли возможность получить помощь при работе над проектом?,Иногда
8361182069,Как вы оцениваете уровень межкультурного взаимодействия?,Умеренный
8361182069,Хотели бы вы участвовать в проектах с международными вузами?,Да
8361182069,Какой формат проектного обучения наиболее удобен?,Групповой
8361182069,Какие меры поддержки наиболее полезны?,Языковые воркшопы; Наставник
8361182069,Какие технологии искусственного интеллекта вы используете для поддержки своей проектной работы?,Переводчики; Грамматические корректоры; Ассистенты для текстов; Презентации с поддержкой технологий искусственного интеллекта
8361182069,Могут ли технологии искусственного интеллекта помочь вам преодолеть языковые и культурные барьеры в проектном обучении?,"Да, значительно помогают"
8364134897,Страна,Китай
8364134897,Институт,УГИ
8364134897,Направление,Дизайн
8364134897,Уровень,бакалавр
8364134897,Возраст,20
8364134897,Какой у вас уровень владения русским языком?,Не владею
8364134897,На каком языке чаще всего проводятся проектные занятия?,Смешанно
8364134897,Чувствуете ли вы себя комфортно при общении в мультикультурной проектной группе?,Редко
8364134897,С какими трудностями вы чаще всего сталкиваетесь?,Другое
8364134897,Получаете ли вы чёткие инструкции и критерии оценки для проектов?,Редко
8364134897,Есть ли возможность получить помощь при работе над проектом?,Иногда
8364134897,Как вы оцениваете уровень межкультурного взаимодействия?,Низкий
8364134897,Хотели бы вы участвовать в проектах с международными вузами?,Возможно
8364134897,Какой формат проектного обучения наиболее удобен?,Только с иностранцами
8364134897,Какие меры поддержки наиболее полезны?,Часть работы на английском; Чёткие rubrics; Наставник
8364134897,Какие технологии искусственного интеллекта вы используете для поддержки своей проектной работы?,Другое
8364134897,Могут ли технологии искусственного интеллекта помочь вам преодолеть языковые и культурные барьеры в проектном обучении?,Нет
